id,name,website_url,x,y,category_id,category_name,year_founded,total_funding,hq_country,hq_city,contact_person,description,user_group
s1,Helix Port,https://helix-port.io,583.5,426.2,cat1,AI/ML,2022,635691,Canada,London,Casey Williams,Helix Port provides innovative solutions for modern businesses. Our platform helps companies streamline operations and drive growth. Trusted by teams worldwide.,Developer
s2,Vector Stack,https://vector-stack.io,538.3,366.4,cat1,AI/ML,2023,1081540,USA,Denver,Chris Thomas,Vector Stack provides innovative solutions for modern businesses. Our platform helps companies streamline operations and drive growth. Trusted by teams worldwide.,Consumer
s3,Stride 360,https://stride-360.io,609.1,395.1,cat1,AI/ML,2017,71224024,Netherlands,Paris,Dakota White,Stride 360 provides innovative solutions for modern businesses. Our platform helps companies streamline operations and drive growth. Trusted by teams worldwide.,Developer
s4,Atlas Beam,https://atlas-beam.io,542.8,388.3,cat1,AI/ML,2020,321188,USA,Boston,Dakota Moore,Atlas Beam provides innovative solutions for modern businesses. Our platform helps companies streamline operations and drive growth. Trusted by teams worldwide.,Developer
s5,Smart Mesh,https://smart-mesh.io,619.6,415.2,cat1,AI/ML,2023,2194915,Germany,New York,Robin Jackson,Smart Mesh provides innovative solutions for modern businesses. Our platform helps companies streamline operations and drive growth. Trusted by teams worldwide.,SMB
s6,Prism Scope,https://prism-scope.io,592.7,401.6,cat1,AI/ML,2021,31335715,USA,Philadelphia,Morgan Rodriguez,Prism Scope provides innovative solutions for modern businesses. Our platform helps companies streamline operations and drive growth. Trusted by teams worldwide.,Developer
s7,Sync Byte,https://sync-byte.io,630.3,374.2,cat1,AI/ML,2019,466277,Australia,Amsterdam,Cameron Smith,Sync Byte provides innovative solutions for modern businesses. Our platform helps companies streamline operations and drive growth. Trusted by teams worldwide.,Developer
s8,Data Plus,https://data-plus.io,572.8,405.1,cat1,AI/ML,2020,16116232,USA,Philadelphia,Taylor Thomas,Data Plus provides innovative solutions for modern businesses. Our platform helps companies streamline operations and drive growth. Trusted by teams worldwide.,Developer
s9,Vertex Code,https://vertex-code.io,594,392.1,cat1,AI/ML,2017,667628,Germany,San Francisco,Riley Jones,Vertex Code provides innovative solutions for modern businesses. Our platform helps companies streamline operations and drive growth. Trusted by teams worldwide.,Enterprise
s10,Terra Cloud,https://terra-cloud.io,601.6,427.8,cat1,AI/ML,2017,214210084,USA,San Diego,Chris Garcia,Terra Cloud provides innovative solutions for modern businesses. Our platform helps companies streamline operations and drive growth. Trusted by teams worldwide.,Consumer
s11,Acme Pulse,https://acme-pulse.io,581.6,417.7,cat1,AI/ML,2022,24295366,USA,San Diego,Jordan Smith,Acme Pulse provides innovative solutions for modern businesses. Our platform helps companies streamline operations and drive growth. Trusted by teams worldwide.,SMB
s12,Kite View,https://kite-view.io,540.4,431.8,cat1,AI/ML,2019,77394505,USA,Amsterdam,Jamie Jones,Kite View provides innovative solutions for modern businesses. Our platform helps companies streamline operations and drive growth. Trusted by teams worldwide.,Enterprise
s13,Orbit Hub,https://orbit-hub.io,592.2,434.7,cat1,AI/ML,2019,181130973,USA,Atlanta,Sam Rodriguez,Orbit Hub provides innovative solutions for modern businesses. Our platform helps companies streamline operations and drive growth. Trusted by teams worldwide.,Consumer
s14,Nexus Port,https://nexus-port.io,552.8,399.6,cat1,AI/ML,2020,10471213,Singapore,Atlanta,Alex Thomas,Nexus Port provides innovative solutions for modern businesses. Our platform helps companies streamline operations and drive growth. Trusted by teams worldwide.,Enterprise
s15,Glint AI,https://glint-ai.io,562,396.2,cat1,AI/ML,2016,83896980,USA,Denver,Morgan Williams,Glint AI provides innovative solutions for modern businesses. Our platform helps companies streamline operations and drive growth. Trusted by teams worldwide.,Consumer
s16,Zephyr Wave,https://zephyr-wave.io,603.9,412.8,cat1,AI/ML,2020,281779,USA,Miami,Finley Jackson,Zephyr Wave provides innovative solutions for modern businesses. Our platform helps companies streamline operations and drive growth. Trusted by teams worldwide.,Developer
s17,Luma Lite,https://luma-lite.io,582.7,404.6,cat1,AI/ML,2020,25428664,Singapore,Portland,Skyler Williams,Luma Lite provides innovative solutions for modern businesses. Our platform helps companies streamline operations and drive growth. Trusted by teams worldwide.,SMB
s18,Orbit Unit,https://orbit-unit.io,570.6,473.1,cat1,AI/ML,2022,19308445,Singapore,Singapore,Casey Lee,Orbit Unit provides innovative solutions for modern businesses. Our platform helps companies streamline operations and drive growth. Trusted by teams worldwide.,Developer
s19,Crest Tech,https://crest-tech.io,575.4,419.8,cat1,AI/ML,2023,57541860,USA,Atlanta,Quinn Davis,Crest Tech provides innovative solutions for modern businesses. Our platform helps companies streamline operations and drive growth. Trusted by teams worldwide.,Enterprise
s20,Core Quest,https://core-quest.io,578.4,385.2,cat1,AI/ML,2021,1882162,USA,London,Sam Davis,Core Quest provides innovative solutions for modern businesses. Our platform helps companies streamline operations and drive growth. Trusted by teams worldwide.,Consumer
s21,Glint X,https://glint-x.io,548.2,369.1,cat1,AI/ML,2016,10649837,Israel,Portland,Taylor Brown,Glint X provides innovative solutions for modern businesses. Our platform helps companies streamline operations and drive growth. Trusted by teams worldwide.,Consumer
s22,Drift Rise,https://drift-rise.io,594.8,392.4,cat1,AI/ML,2020,2934107,Canada,New York,Dakota Moore,Drift Rise provides innovative solutions for modern businesses. Our platform helps companies streamline operations and drive growth. Trusted by teams worldwide.,Enterprise
s23,Smart Pro,https://smart-pro.io,584.6,402.9,cat1,AI/ML,2020,37113070,UK,Denver,Taylor Wilson,Smart Pro provides innovative solutions for modern businesses. Our platform helps companies streamline operations and drive growth. Trusted by teams worldwide.,Developer
s24,Warp Unit,https://warp-unit.io,576.1,443.2,cat1,AI/ML,2019,5029815,Singapore,San Francisco,Sam Martinez,Warp Unit provides innovative solutions for modern businesses. Our platform helps companies streamline operations and drive growth. Trusted by teams worldwide.,Consumer
s25,Lens Nexus,https://lens-nexus.io,607.1,400.1,cat1,AI/ML,2016,1556447,USA,Austin,Jordan Williams,Lens Nexus provides innovative solutions for modern businesses. Our platform helps companies streamline operations and drive growth. Trusted by teams worldwide.,Enterprise
s26,Data Go,https://data-go.io,584.8,417,cat1,AI/ML,2022,332534,Australia,Seattle,Robin Garcia,Data Go provides innovative solutions for modern businesses. Our platform helps companies streamline operations and drive growth. Trusted by teams worldwide.,Enterprise
s27,Forge Hub,https://forge-hub.io,579.3,389.9,cat1,AI/ML,2023,1461187,Singapore,Tel Aviv,Quinn Brown,Forge Hub provides innovative solutions for modern businesses. Our platform helps companies streamline operations and drive growth. Trusted by teams worldwide.,SMB
s28,Lattice One,https://lattice-one.io,601.4,403.6,cat1,AI/ML,2022,45528060,USA,San Diego,Blake Moore,Lattice One provides innovative solutions for modern businesses. Our platform helps companies streamline operations and drive growth. Trusted by teams worldwide.,SMB
s29,Cipher Wave,https://cipher-wave.io,633,401.7,cat1,AI/ML,2016,34586350,USA,Sydney,Chris Moore,Cipher Wave provides innovative solutions for modern businesses. Our platform helps companies streamline operations and drive growth. Trusted by teams worldwide.,SMB
s30,Umbra Hub,https://umbra-hub.io,551.7,397.8,cat1,AI/ML,2020,507222,USA,Seattle,Robin Garcia,Umbra Hub provides innovative solutions for modern businesses. Our platform helps companies streamline operations and drive growth. Trusted by teams worldwide.,Consumer
s31,Yield Node,https://yield-node.io,580.9,394,cat1,AI/ML,2016,82140466,Canada,Miami,Avery Taylor,Yield Node provides innovative solutions for modern businesses. Our platform helps companies streamline operations and drive growth. Trusted by teams worldwide.,Developer
s32,Core Scope,https://core-scope.io,581.3,386.2,cat1,AI/ML,2016,62537414,USA,Tel Aviv,Avery Williams,Core Scope provides innovative solutions for modern businesses. Our platform helps companies streamline operations and drive growth. Trusted by teams worldwide.,Consumer
s33,Nexus Wise,https://nexus-wise.io,563.5,369.2,cat1,AI/ML,2020,23896940,USA,Austin,Dakota Wilson,Nexus Wise provides innovative solutions for modern businesses. Our platform helps companies streamline operations and drive growth. Trusted by teams worldwide.,Consumer
s34,Prism Unit,https://prism-unit.io,539.5,341.8,cat1,AI/ML,2021,2656365,USA,Chicago,Morgan Davis,Prism Unit provides innovative solutions for modern businesses. Our platform helps companies streamline operations and drive growth. Trusted by teams worldwide.,Enterprise
s35,Iris Cloud,https://iris-cloud.io,606.6,424.8,cat1,AI/ML,2017,10237611,UK,Berlin,Alex Taylor,Iris Cloud provides innovative solutions for modern businesses. Our platform helps companies streamline operations and drive growth. Trusted by teams worldwide.,SMB
s36,Terra Stack,https://terra-stack.io,628,428.9,cat1,AI/ML,2017,2718768,USA,New York,Jamie Williams,Terra Stack provides innovative solutions for modern businesses. Our platform helps companies streamline operations and drive growth. Trusted by teams worldwide.,Enterprise
s37,Apex Logic,https://apex-logic.io,544.1,416.3,cat1,AI/ML,2016,4861713,Netherlands,Austin,Finley Jones,Apex Logic provides innovative solutions for modern businesses. Our platform helps companies streamline operations and drive growth. Trusted by teams worldwide.,Enterprise
s38,Warp Path,https://warp-path.io,560.1,401.1,cat1,AI/ML,2022,217079702,USA,Berlin,Alex Brown,Warp Path provides innovative solutions for modern businesses. Our platform helps companies streamline operations and drive growth. Trusted by teams worldwide.,Developer
s39,Frost Cloud,https://frost-cloud.io,558.9,376.2,cat1,AI/ML,2022,28657815,USA,Atlanta,Finley Davis,Frost Cloud provides innovative solutions for modern businesses. Our platform helps companies streamline operations and drive growth. Trusted by teams worldwide.,SMB
s40,Lattice Yard,https://lattice-yard.io,580.9,407.7,cat1,AI/ML,2021,16956100,USA,Chicago,Alex Lee,Lattice Yard provides innovative solutions for modern businesses. Our platform helps companies streamline operations and drive growth. Trusted by teams worldwide.,Developer
s41,Helix Data,https://helix-data.io,612.5,434.3,cat1,AI/ML,2017,42802353,USA,Sydney,Casey Wilson,Helix Data provides innovative solutions for modern businesses. Our platform helps companies streamline operations and drive growth. Trusted by teams worldwide.,Developer
s42,Cipher OS,https://cipher-os.io,589.6,408.5,cat1,AI/ML,2022,32780035,USA,Amsterdam,Jamie Davis,Cipher OS provides innovative solutions for modern businesses. Our platform helps companies streamline operations and drive growth. Trusted by teams worldwide.,Enterprise
s43,Nexus Stack,https://nexus-stack.io,588.7,407.8,cat1,AI/ML,2016,540914,Israel,New York,Drew Martin,Nexus Stack provides innovative solutions for modern businesses. Our platform helps companies streamline operations and drive growth. Trusted by teams worldwide.,SMB
s44,Crest Flow,https://crest-flow.io,614.2,371.8,cat1,AI/ML,2016,33653698,Singapore,Los Angeles,Avery White,Crest Flow provides innovative solutions for modern businesses. Our platform helps companies streamline operations and drive growth. Trusted by teams worldwide.,Consumer
s45,Flux Scope,https://flux-scope.io,567.1,403,cat1,AI/ML,2020,8251569,France,Berlin,Pat Anderson,Flux Scope provides innovative solutions for modern businesses. Our platform helps companies streamline operations and drive growth. Trusted by teams worldwide.,SMB
s46,Yield Pulse,https://yield-pulse.io,612.2,411.2,cat1,AI/ML,2017,40954826,USA,Miami,Casey Brown,Yield Pulse provides innovative solutions for modern businesses. Our platform helps companies streamline operations and drive growth. Trusted by teams worldwide.,Developer
s47,Ember Pulse,https://ember-pulse.io,598.2,387.7,cat1,AI/ML,2017,2010495,USA,Chicago,Chris Miller,Ember Pulse provides innovative solutions for modern businesses. Our platform helps companies streamline operations and drive growth. Trusted by teams worldwide.,Developer
s48,Ember Base,https://ember-base.io,580.4,355.4,cat1,AI/ML,2022,31549372,USA,Portland,Skyler Jones,Ember Base provides innovative solutions for modern businesses. Our platform helps companies streamline operations and drive growth. Trusted by teams worldwide.,Consumer
s49,Core Stack,https://core-stack.io,578.6,376.7,cat1,AI/ML,2018,442681,USA,Berlin,Jordan Johnson,Core Stack provides innovative solutions for modern businesses. Our platform helps companies streamline operations and drive growth. Trusted by teams worldwide.,Developer
s50,Lattice Rise,https://lattice-rise.io,536.6,409.3,cat1,AI/ML,2016,20249751,Canada,San Francisco,Drew Rodriguez,Lattice Rise provides innovative solutions for modern businesses. Our platform helps companies streamline operations and drive growth. Trusted by teams worldwide.,Enterprise
s51,Orbit Bridge,https://orbit-bridge.io,545.4,374.4,cat1,AI/ML,2016,619767,USA,Miami,Pat Martin,Orbit Bridge provides innovative solutions for modern businesses. Our platform helps companies streamline operations and drive growth. Trusted by teams worldwide.,Consumer
s52,Drift Byte,https://drift-byte.io,641.3,417.3,cat1,AI/ML,2022,9938357,USA,Berlin,Alex Taylor,Drift Byte provides innovative solutions for modern businesses. Our platform helps companies streamline operations and drive growth. Trusted by teams worldwide.,Enterprise
s53,Apex Stack,https://apex-stack.io,610.9,395.6,cat1,AI/ML,2022,1217969,USA,Boston,Pat Jackson,Apex Stack provides innovative solutions for modern businesses. Our platform helps companies streamline operations and drive growth. Trusted by teams worldwide.,SMB
s54,Umbra Tech,https://umbra-tech.io,619.8,396.6,cat1,AI/ML,2023,75495443,USA,Berlin,Jordan Martinez,Umbra Tech provides innovative solutions for modern businesses. Our platform helps companies streamline operations and drive growth. Trusted by teams worldwide.,Consumer
s55,Quantum Nexus,https://quantum-nexus.io,604.6,414.7,cat1,AI/ML,2016,157771957,Netherlands,San Diego,Sam Thompson,Quantum Nexus provides innovative solutions for modern businesses. Our platform helps companies streamline operations and drive growth. Trusted by teams worldwide.,Consumer
s56,Vector AI,https://vector-ai.io,623.5,459.1,cat1,AI/ML,2019,2398199,Singapore,Miami,Blake Taylor,Vector AI provides innovative solutions for modern businesses. Our platform helps companies streamline operations and drive growth. Trusted by teams worldwide.,SMB
s57,Prime 360,https://prime-360.io,235.9,378.1,cat2,HealthTech,2020,97865876,USA,Miami,Robin Thompson,Prime 360 provides innovative solutions for modern businesses. Our platform helps companies streamline operations and drive growth. Trusted by teams worldwide.,SMB
s58,Nexus Code,https://nexus-code.io,301.1,335.2,cat2,HealthTech,2017,277346,Singapore,Boston,Robin White,Nexus Code provides innovative solutions for modern businesses. Our platform helps companies streamline operations and drive growth. Trusted by teams worldwide.,Consumer
s59,Haven Unit,https://haven-unit.io,314.5,325.2,cat2,HealthTech,2020,6967133,Israel,Tel Aviv,Chris Garcia,Haven Unit provides innovative solutions for modern businesses. Our platform helps companies streamline operations and drive growth. Trusted by teams worldwide.,Consumer
s60,Ember Now,https://ember-now.io,265.3,336.8,cat2,HealthTech,2016,1230251,Canada,Singapore,Quinn Thompson,Ember Now provides innovative solutions for modern businesses. Our platform helps companies streamline operations and drive growth. Trusted by teams worldwide.,SMB
s61,Haven 360,https://haven-360.io,329,319.6,cat2,HealthTech,2021,2281396,USA,Toronto,Riley Anderson,Haven 360 provides innovative solutions for modern businesses. Our platform helps companies streamline operations and drive growth. Trusted by teams worldwide.,Consumer
s62,Mint Base,https://mint-base.io,329,327,cat2,HealthTech,2020,679640,Netherlands,Chicago,Taylor Davis,Mint Base provides innovative solutions for modern businesses. Our platform helps companies streamline operations and drive growth. Trusted by teams worldwide.,Consumer
s63,Prism Pro,https://prism-pro.io,248.9,299.9,cat2,HealthTech,2020,2256346,USA,Boston,Robin Rodriguez,Prism Pro provides innovative solutions for modern businesses. Our platform helps companies streamline operations and drive growth. Trusted by teams worldwide.,SMB
s64,Zenith 360,https://zenith-360.io,263.4,333.4,cat2,HealthTech,2017,25989259,Netherlands,Los Angeles,Morgan Martinez,Zenith 360 provides innovative solutions for modern businesses. Our platform helps companies streamline operations and drive growth. Trusted by teams worldwide.,SMB
s65,Quantum Labs,https://quantum-labs.io,252.8,280,cat2,HealthTech,2017,67928954,Canada,Atlanta,Finley Johnson,Quantum Labs provides innovative solutions for modern businesses. Our platform helps companies streamline operations and drive growth. Trusted by teams worldwide.,Developer
s66,Haven Pulse,https://haven-pulse.io,307.8,347,cat2,HealthTech,2017,2625764,UK,Singapore,Casey Garcia,Haven Pulse provides innovative solutions for modern businesses. Our platform helps companies streamline operations and drive growth. Trusted by teams worldwide.,SMB
s67,Echo Nexus,https://echo-nexus.io,274.6,381.1,cat2,HealthTech,2021,5910952,USA,Berlin,Sam Brown,Echo Nexus provides innovative solutions for modern businesses. Our platform helps companies streamline operations and drive growth. Trusted by teams worldwide.,Developer
s68,Orbit Port,https://orbit-port.io,281.7,322.8,cat2,HealthTech,2021,83486281,USA,Chicago,Taylor Rodriguez,Orbit Port provides innovative solutions for modern businesses. Our platform helps companies streamline operations and drive growth. Trusted by teams worldwide.,SMB
s69,Nova Base,https://nova-base.io,294,380.3,cat2,HealthTech,2021,10501805,USA,Atlanta,Skyler Brown,Nova Base provides innovative solutions for modern businesses. Our platform helps companies streamline operations and drive growth. Trusted by teams worldwide.,Enterprise
s70,Vector Quest,https://vector-quest.io,261.4,361.3,cat2,HealthTech,2020,28787978,Germany,Berlin,Skyler Moore,Vector Quest provides innovative solutions for modern businesses. Our platform helps companies streamline operations and drive growth. Trusted by teams worldwide.,Consumer
s71,Crest Edge,https://crest-edge.io,301.7,367.8,cat2,HealthTech,2016,6371407,USA,Chicago,Blake Taylor,Crest Edge provides innovative solutions for modern businesses. Our platform helps companies streamline operations and drive growth. Trusted by teams worldwide.,SMB
s72,Data Tide,https://data-tide.io,314.3,356.9,cat2,HealthTech,2018,691393,USA,Boston,Quinn Garcia,Data Tide provides innovative solutions for modern businesses. Our platform helps companies streamline operations and drive growth. Trusted by teams worldwide.,SMB
s73,Frost Node,https://frost-node.io,371.6,351.1,cat2,HealthTech,2022,160833168,USA,Atlanta,Taylor Martinez,Frost Node provides innovative solutions for modern businesses. Our platform helps companies streamline operations and drive growth. Trusted by teams worldwide.,Enterprise
s74,Haven Max,https://haven-max.io,288.4,312.6,cat2,HealthTech,2019,10526911,USA,Seattle,Jordan Taylor,Haven Max provides innovative solutions for modern businesses. Our platform helps companies streamline operations and drive growth. Trusted by teams worldwide.,Developer
s75,Zephyr Pro,https://zephyr-pro.io,302.8,291,cat2,HealthTech,2017,702677,Netherlands,Singapore,Alex Jones,Zephyr Pro provides innovative solutions for modern businesses. Our platform helps companies streamline operations and drive growth. Trusted by teams worldwide.,SMB
s76,Cipher Flow,https://cipher-flow.io,304.8,328.7,cat2,HealthTech,2023,658980,UK,Tel Aviv,Cameron Smith,Cipher Flow provides innovative solutions for modern businesses. Our platform helps companies streamline operations and drive growth. Trusted by teams worldwide.,Enterprise
s77,Mint Flow,https://mint-flow.io,298.9,409.6,cat2,HealthTech,2016,164119782,USA,Denver,Quinn Martin,Mint Flow provides innovative solutions for modern businesses. Our platform helps companies streamline operations and drive growth. Trusted by teams worldwide.,Consumer
s78,Sync Quest,https://sync-quest.io,336.6,327.3,cat2,HealthTech,2023,174754528,Canada,Amsterdam,Quinn Davis,Sync Quest provides innovative solutions for modern businesses. Our platform helps companies streamline operations and drive growth. Trusted by teams worldwide.,Developer
s79,Core Hub,https://core-hub.io,285.3,335.4,cat2,HealthTech,2018,1441257,Israel,London,Alex Martinez,Core Hub provides innovative solutions for modern businesses. Our platform helps companies streamline operations and drive growth. Trusted by teams worldwide.,Developer
s80,Umbra Node,https://umbra-node.io,319.5,296.6,cat2,HealthTech,2016,11622187,USA,Chicago,Taylor Johnson,Umbra Node provides innovative solutions for modern businesses. Our platform helps companies streamline operations and drive growth. Trusted by teams worldwide.,Enterprise
s81,Terra 360,https://terra-360.io,285.7,339.8,cat2,HealthTech,2022,9297619,USA,Singapore,Morgan Davis,Terra 360 provides innovative solutions for modern businesses. Our platform helps companies streamline operations and drive growth. Trusted by teams worldwide.,Enterprise
s82,Sync Edge,https://sync-edge.io,343,305.8,cat2,HealthTech,2016,124183320,USA,Tel Aviv,Morgan Williams,Sync Edge provides innovative solutions for modern businesses. Our platform helps companies streamline operations and drive growth. Trusted by teams worldwide.,Enterprise
s83,Lens IQ,https://lens-iq.io,297.2,303.3,cat2,HealthTech,2017,9974785,USA,Chicago,Casey Moore,Lens IQ provides innovative solutions for modern businesses. Our platform helps companies streamline operations and drive growth. Trusted by teams worldwide.,Developer
s84,Luma Edge,https://luma-edge.io,306.4,370,cat2,HealthTech,2022,35914986,USA,San Francisco,Skyler Johnson,Luma Edge provides innovative solutions for modern businesses. Our platform helps companies streamline operations and drive growth. Trusted by teams worldwide.,Enterprise
s85,Bolt Sync,https://bolt-sync.io,315.6,353.5,cat2,HealthTech,2023,29371604,USA,Philadelphia,Sam Garcia,Bolt Sync provides innovative solutions for modern businesses. Our platform helps companies streamline operations and drive growth. Trusted by teams worldwide.,Developer
s86,Apex Beam,https://apex-beam.io,330.3,312.5,cat2,HealthTech,2017,34334631,USA,Austin,Dakota Jackson,Apex Beam provides innovative solutions for modern businesses. Our platform helps companies streamline operations and drive growth. Trusted by teams worldwide.,Consumer
s87,Quantum View,https://quantum-view.io,278.5,314.6,cat2,HealthTech,2021,1986000,USA,Denver,Skyler Thomas,Quantum View provides innovative solutions for modern businesses. Our platform helps companies streamline operations and drive growth. Trusted by teams worldwide.,Consumer
s88,Flux Edge,https://flux-edge.io,289.5,363.8,cat2,HealthTech,2021,79526639,Germany,Paris,Quinn Jones,Flux Edge provides innovative solutions for modern businesses. Our platform helps companies streamline operations and drive growth. Trusted by teams worldwide.,Consumer
s89,Frost Signal,https://frost-signal.io,264.4,335.5,cat2,HealthTech,2019,101426421,France,Portland,Drew Anderson,Frost Signal provides innovative solutions for modern businesses. Our platform helps companies streamline operations and drive growth. Trusted by teams worldwide.,Consumer
s90,Prism Max,https://prism-max.io,280.7,332.3,cat2,HealthTech,2021,2772760,USA,Berlin,Chris Smith,Prism Max provides innovative solutions for modern businesses. Our platform helps companies streamline operations and drive growth. Trusted by teams worldwide.,Consumer
s91,Lens Flow,https://lens-flow.io,277.7,336.9,cat2,HealthTech,2018,2621060,Germany,Sydney,Skyler Brown,Lens Flow provides innovative solutions for modern businesses. Our platform helps companies streamline operations and drive growth. Trusted by teams worldwide.,SMB
s92,Sync OS,https://sync-os.io,308.5,306.1,cat2,HealthTech,2017,10950929,UK,Denver,Blake Garcia,Sync OS provides innovative solutions for modern businesses. Our platform helps companies streamline operations and drive growth. Trusted by teams worldwide.,SMB
s93,Nexus Net,https://nexus-net.io,313.4,372.1,cat2,HealthTech,2023,34011112,Israel,Miami,Pat White,Nexus Net provides innovative solutions for modern businesses. Our platform helps companies streamline operations and drive growth. Trusted by teams worldwide.,Enterprise
s94,Atlas OS,https://atlas-os.io,304.5,318.5,cat2,HealthTech,2019,80091265,Netherlands,Los Angeles,Riley Martin,Atlas OS provides innovative solutions for modern businesses. Our platform helps companies streamline operations and drive growth. Trusted by teams worldwide.,SMB
s95,Haven Signal,https://haven-signal.io,310.1,361.6,cat2,HealthTech,2018,89907480,Australia,Los Angeles,Taylor Jones,Haven Signal provides innovative solutions for modern businesses. Our platform helps companies streamline operations and drive growth. Trusted by teams worldwide.,Enterprise
s96,Spark Rise,https://spark-rise.io,361.6,346.5,cat2,HealthTech,2023,1874063,USA,London,Finley Martinez,Spark Rise provides innovative solutions for modern businesses. Our platform helps companies streamline operations and drive growth. Trusted by teams worldwide.,Enterprise
s97,Flux Core,https://flux-core.io,276.3,295.4,cat2,HealthTech,2023,16210662,USA,Tel Aviv,Sam Davis,Flux Core provides innovative solutions for modern businesses. Our platform helps companies streamline operations and drive growth. Trusted by teams worldwide.,SMB
s98,Tech Path,https://tech-path.io,301.9,298.3,cat2,HealthTech,2022,9937448,USA,Atlanta,Robin Davis,Tech Path provides innovative solutions for modern businesses. Our platform helps companies streamline operations and drive growth. Trusted by teams worldwide.,Developer
s99,Glint Net,https://glint-net.io,274.6,326.8,cat2,HealthTech,2018,6250292,Singapore,Denver,Casey Anderson,Glint Net provides innovative solutions for modern businesses. Our platform helps companies streamline operations and drive growth. Trusted by teams worldwide.,Consumer
s100,Smart Code,https://smart-code.io,313.6,302.9,cat2,HealthTech,2021,36580282,USA,Atlanta,Morgan Miller,Smart Code provides innovative solutions for modern businesses. Our platform helps companies streamline operations and drive growth. Trusted by teams worldwide.,Enterprise
s101,Tech Flow,https://tech-flow.io,368.1,331.8,cat2,HealthTech,2019,69785193,USA,Atlanta,Cameron Brown,Tech Flow provides innovative solutions for modern businesses. Our platform helps companies streamline operations and drive growth. Trusted by teams worldwide.,SMB
s102,Acme Logic,https://acme-logic.io,281.8,377,cat2,HealthTech,2022,83863666,USA,Chicago,Taylor Moore,Acme Logic provides innovative solutions for modern businesses. Our platform helps companies streamline operations and drive growth. Trusted by teams worldwide.,Enterprise
s103,Orbit Stack,https://orbit-stack.io,230.8,404.3,cat2,HealthTech,2021,7132062,France,Miami,Dakota Jones,Orbit Stack provides innovative solutions for modern businesses. Our platform helps companies streamline operations and drive growth. Trusted by teams worldwide.,Consumer
s104,Smart Signal,https://smart-signal.io,290.1,310.8,cat2,HealthTech,2021,52532447,Netherlands,Paris,Casey Thompson,Smart Signal provides innovative solutions for modern businesses. Our platform helps companies streamline operations and drive growth. Trusted by teams worldwide.,SMB
s105,Orbit Wave,https://orbit-wave.io,337.7,333.4,cat2,HealthTech,2018,283555,USA,Denver,Jamie Garcia,Orbit Wave provides innovative solutions for modern businesses. Our platform helps companies streamline operations and drive growth. Trusted by teams worldwide.,Consumer
s106,Meridian Edge,https://meridian-edge.io,240.5,313.3,cat2,HealthTech,2017,83792993,USA,Portland,Jamie Davis,Meridian Edge provides innovative solutions for modern businesses. Our platform helps companies streamline operations and drive growth. Trusted by teams worldwide.,Consumer
s107,Cloud Nexus,https://cloud-nexus.io,317.4,372,cat2,HealthTech,2019,91243039,USA,Tel Aviv,Chris Thompson,Cloud Nexus provides innovative solutions for modern businesses. Our platform helps companies streamline operations and drive growth. Trusted by teams worldwide.,SMB
s108,Cloud One,https://cloud-one.io,248.1,335.1,cat2,HealthTech,2021,493430,France,Portland,Sam Taylor,Cloud One provides innovative solutions for modern businesses. Our platform helps companies streamline operations and drive growth. Trusted by teams worldwide.,Developer
s109,Helix Net,https://helix-net.io,341.9,369.5,cat2,HealthTech,2016,7551872,USA,Singapore,Casey Williams,Helix Net provides innovative solutions for modern businesses. Our platform helps companies streamline operations and drive growth. Trusted by teams worldwide.,SMB
s110,Flow Net,https://flow-net.io,330.5,366.1,cat2,HealthTech,2017,1216530,USA,Miami,Robin Lee,Flow Net provides innovative solutions for modern businesses. Our platform helps companies streamline operations and drive growth. Trusted by teams worldwide.,Consumer
s111,Zephyr Vault,https://zephyr-vault.io,301.2,344.6,cat2,HealthTech,2019,36553368,USA,Atlanta,Taylor Davis,Zephyr Vault provides innovative solutions for modern businesses. Our platform helps companies streamline operations and drive growth. Trusted by teams worldwide.,SMB
s112,Forge Flow,https://forge-flow.io,356,394.9,cat2,HealthTech,2016,1273630,USA,Boston,Avery Martin,Forge Flow provides innovative solutions for modern businesses. Our platform helps companies streamline operations and drive growth. Trusted by teams worldwide.,Developer
s113,Smart Stack,https://smart-stack.io,269.9,643.6,cat3,FinTech,2017,14036001,Germany,Boston,Dakota Lee,Smart Stack provides innovative solutions for modern businesses. Our platform helps companies streamline operations and drive growth. Trusted by teams worldwide.,Consumer
s114,Terra Quest,https://terra-quest.io,268.7,597.1,cat3,FinTech,2021,569897,Netherlands,Boston,Sam Anderson,Terra Quest provides innovative solutions for modern businesses. Our platform helps companies streamline operations and drive growth. Trusted by teams worldwide.,SMB
s115,Nova Labs,https://nova-labs.io,292.8,603.4,cat3,FinTech,2023,97881409,Germany,Boston,Avery Davis,Nova Labs provides innovative solutions for modern businesses. Our platform helps companies streamline operations and drive growth. Trusted by teams worldwide.,Developer
s116,Spark Hub,https://spark-hub.io,239,645.1,cat3,FinTech,2018,138516243,Australia,Seattle,Morgan Martinez,Spark Hub provides innovative solutions for modern businesses. Our platform helps companies streamline operations and drive growth. Trusted by teams worldwide.,SMB
s117,Warp Rise,https://warp-rise.io,243.8,608,cat3,FinTech,2021,2435071,USA,Portland,Quinn Martin,Warp Rise provides innovative solutions for modern businesses. Our platform helps companies streamline operations and drive growth. Trusted by teams worldwide.,Developer
s118,Yield One,https://yield-one.io,245.9,560.5,cat3,FinTech,2023,10655099,Canada,Miami,Jamie Johnson,Yield One provides innovative solutions for modern businesses. Our platform helps companies streamline operations and drive growth. Trusted by teams worldwide.,SMB
s119,Xylo Cloud,https://xylo-cloud.io,265,629.1,cat3,FinTech,2019,2745557,USA,Austin,Sam Davis,Xylo Cloud provides innovative solutions for modern businesses. Our platform helps companies streamline operations and drive growth. Trusted by teams worldwide.,SMB
s120,Vault Port,https://vault-port.io,260.5,651.5,cat3,FinTech,2017,10385186,USA,Portland,Dakota Smith,Vault Port provides innovative solutions for modern businesses. Our platform helps companies streamline operations and drive growth. Trusted by teams worldwide.,SMB
s121,Smart Rise,https://smart-rise.io,237.1,617.6,cat3,FinTech,2021,556670,Australia,Philadelphia,Alex Williams,Smart Rise provides innovative solutions for modern businesses. Our platform helps companies streamline operations and drive growth. Trusted by teams worldwide.,SMB
s122,Jade IQ,https://jade-iq.io,241.9,568.7,cat3,FinTech,2016,8933743,USA,Denver,Jordan Johnson,Jade IQ provides innovative solutions for modern businesses. Our platform helps companies streamline operations and drive growth. Trusted by teams worldwide.,Enterprise
s123,Lens Byte,https://lens-byte.io,329.5,609.2,cat3,FinTech,2016,6974470,USA,San Francisco,Drew White,Lens Byte provides innovative solutions for modern businesses. Our platform helps companies streamline operations and drive growth. Trusted by teams worldwide.,Developer
s124,Tech Byte,https://tech-byte.io,290.8,579.6,cat3,FinTech,2023,455575,USA,Philadelphia,Morgan Lee,Tech Byte provides innovative solutions for modern businesses. Our platform helps companies streamline operations and drive growth. Trusted by teams worldwide.,Developer
s125,Warp Zone,https://warp-zone.io,372.8,624.8,cat3,FinTech,2016,34805031,USA,Amsterdam,Riley Miller,Warp Zone provides innovative solutions for modern businesses. Our platform helps companies streamline operations and drive growth. Trusted by teams worldwide.,SMB
s126,Glint Grid,https://glint-grid.io,290,585,cat3,FinTech,2022,103182096,Australia,Atlanta,Robin Thompson,Glint Grid provides innovative solutions for modern businesses. Our platform helps companies streamline operations and drive growth. Trusted by teams worldwide.,Developer
s127,Cloud Rise,https://cloud-rise.io,269.9,635.4,cat3,FinTech,2020,59619079,USA,Los Angeles,Jamie Jackson,Cloud Rise provides innovative solutions for modern businesses. Our platform helps companies streamline operations and drive growth. Trusted by teams worldwide.,SMB
s128,Acme Wave,https://acme-wave.io,288.5,583.4,cat3,FinTech,2019,91721794,Australia,Boston,Robin Williams,Acme Wave provides innovative solutions for modern businesses. Our platform helps companies streamline operations and drive growth. Trusted by teams worldwide.,SMB
s129,Lattice Go,https://lattice-go.io,256.4,572.1,cat3,FinTech,2018,301585,USA,Berlin,Emery Anderson,Lattice Go provides innovative solutions for modern businesses. Our platform helps companies streamline operations and drive growth. Trusted by teams worldwide.,Consumer
s130,Umbra Plus,https://umbra-plus.io,273.7,624.4,cat3,FinTech,2016,91296741,Australia,San Francisco,Dakota Davis,Umbra Plus provides innovative solutions for modern businesses. Our platform helps companies streamline operations and drive growth. Trusted by teams worldwide.,Developer
s131,Zenith Zone,https://zenith-zone.io,252.9,617.5,cat3,FinTech,2020,482072,Australia,San Francisco,Casey Jackson,Zenith Zone provides innovative solutions for modern businesses. Our platform helps companies streamline operations and drive growth. Trusted by teams worldwide.,Consumer
s132,Iris Now,https://iris-now.io,302.8,583.6,cat3,FinTech,2019,509243,USA,Boston,Jordan Wilson,Iris Now provides innovative solutions for modern businesses. Our platform helps companies streamline operations and drive growth. Trusted by teams worldwide.,SMB
s133,Data Mesh,https://data-mesh.io,255.7,578.1,cat3,FinTech,2022,48474386,USA,San Diego,Riley Jones,Data Mesh provides innovative solutions for modern businesses. Our platform helps companies streamline operations and drive growth. Trusted by teams worldwide.,Enterprise
s134,Prism OS,https://prism-os.io,265.1,578.6,cat3,FinTech,2017,28643501,Australia,Berlin,Riley Taylor,Prism OS provides innovative solutions for modern businesses. Our platform helps companies streamline operations and drive growth. Trusted by teams worldwide.,Developer
s135,Stride View,https://stride-view.io,233.4,607.7,cat3,FinTech,2016,53552217,USA,Philadelphia,Cameron Wilson,Stride View provides innovative solutions for modern businesses. Our platform helps companies streamline operations and drive growth. Trusted by teams worldwide.,Enterprise
s136,Echo Wise,https://echo-wise.io,288.8,598.1,cat3,FinTech,2020,484208,Canada,Philadelphia,Robin Davis,Echo Wise provides innovative solutions for modern businesses. Our platform helps companies streamline operations and drive growth. Trusted by teams worldwide.,Enterprise
s137,Warp Wise,https://warp-wise.io,264.9,633.8,cat3,FinTech,2022,10271338,Germany,Berlin,Riley Miller,Warp Wise provides innovative solutions for modern businesses. Our platform helps companies streamline operations and drive growth. Trusted by teams worldwide.,Enterprise
s138,Vertex Lite,https://vertex-lite.io,275.9,609.5,cat3,FinTech,2020,16409478,Germany,Toronto,Dakota Thomas,Vertex Lite provides innovative solutions for modern businesses. Our platform helps companies streamline operations and drive growth. Trusted by teams worldwide.,Developer
s139,Nexus Forge,https://nexus-forge.io,280.6,586.1,cat3,FinTech,2018,2805062,France,Berlin,Avery Martinez,Nexus Forge provides innovative solutions for modern businesses. Our platform helps companies streamline operations and drive growth. Trusted by teams worldwide.,SMB
s140,Luma Forge,https://luma-forge.io,336.5,619.9,cat3,FinTech,2020,158524954,UK,Denver,Alex Moore,Luma Forge provides innovative solutions for modern businesses. Our platform helps companies streamline operations and drive growth. Trusted by teams worldwide.,SMB
s141,Orbit Yard,https://orbit-yard.io,284,647.2,cat3,FinTech,2018,315523,Netherlands,Atlanta,Alex Moore,Orbit Yard provides innovative solutions for modern businesses. Our platform helps companies streamline operations and drive growth. Trusted by teams worldwide.,SMB
s142,Spark Core,https://spark-core.io,260.1,592.6,cat3,FinTech,2017,80039529,Israel,San Diego,Taylor Davis,Spark Core provides innovative solutions for modern businesses. Our platform helps companies streamline operations and drive growth. Trusted by teams worldwide.,SMB
s143,Prime Yard,https://prime-yard.io,310.5,637.3,cat3,FinTech,2019,7175289,USA,Denver,Drew Williams,Prime Yard provides innovative solutions for modern businesses. Our platform helps companies streamline operations and drive growth. Trusted by teams worldwide.,Enterprise
s144,Echo IQ,https://echo-iq.io,241.1,599.5,cat3,FinTech,2016,55657888,USA,Chicago,Skyler Brown,Echo IQ provides innovative solutions for modern businesses. Our platform helps companies streamline operations and drive growth. Trusted by teams worldwide.,Consumer
s145,Cipher Logic,https://cipher-logic.io,257.7,657.7,cat3,FinTech,2016,152486076,Israel,London,Blake Anderson,Cipher Logic provides innovative solutions for modern businesses. Our platform helps companies streamline operations and drive growth. Trusted by teams worldwide.,Enterprise
s146,Sync 360,https://sync-360.io,289.8,632.8,cat3,FinTech,2016,40625457,Australia,New York,Finley Lee,Sync 360 provides innovative solutions for modern businesses. Our platform helps companies streamline operations and drive growth. Trusted by teams worldwide.,Consumer
s147,Tech Nexus,https://tech-nexus.io,316.7,590,cat3,FinTech,2018,11085545,USA,London,Alex Thompson,Tech Nexus provides innovative solutions for modern businesses. Our platform helps companies streamline operations and drive growth. Trusted by teams worldwide.,Enterprise
s148,Smart Data,https://smart-data.io,265.5,630,cat3,FinTech,2019,32594559,Germany,Austin,Robin Garcia,Smart Data provides innovative solutions for modern businesses. Our platform helps companies streamline operations and drive growth. Trusted by teams worldwide.,Enterprise
s149,Nexus IQ,https://nexus-iq.io,314.2,640.6,cat3,FinTech,2021,31852805,Israel,New York,Cameron White,Nexus IQ provides innovative solutions for modern businesses. Our platform helps companies streamline operations and drive growth. Trusted by teams worldwide.,Developer
s150,Xylo Vault,https://xylo-vault.io,274.9,566,cat3,FinTech,2022,176259409,Singapore,San Diego,Emery Thomas,Xylo Vault provides innovative solutions for modern businesses. Our platform helps companies streamline operations and drive growth. Trusted by teams worldwide.,Enterprise
s151,Vector Zone,https://vector-zone.io,280.6,583.1,cat3,FinTech,2020,4561312,USA,New York,Dakota Garcia,Vector Zone provides innovative solutions for modern businesses. Our platform helps companies streamline operations and drive growth. Trusted by teams worldwide.,SMB
s152,Yield Base,https://yield-base.io,292.3,629,cat3,FinTech,2016,574598,USA,Philadelphia,Casey Lee,Yield Base provides innovative solutions for modern businesses. Our platform helps companies streamline operations and drive growth. Trusted by teams worldwide.,Developer
s153,Vector Plus,https://vector-plus.io,290.7,580.7,cat3,FinTech,2019,493612,Netherlands,Tel Aviv,Cameron Miller,Vector Plus provides innovative solutions for modern businesses. Our platform helps companies streamline operations and drive growth. Trusted by teams worldwide.,Developer
s154,Data X,https://data-x.io,272.8,632.5,cat3,FinTech,2020,93394257,USA,Atlanta,Sam Brown,Data X provides innovative solutions for modern businesses. Our platform helps companies streamline operations and drive growth. Trusted by teams worldwide.,Consumer
s155,Prime Wise,https://prime-wise.io,312,580.8,cat3,FinTech,2019,2058096,Canada,London,Jordan Brown,Prime Wise provides innovative solutions for modern businesses. Our platform helps companies streamline operations and drive growth. Trusted by teams worldwide.,SMB
s156,Jade X,https://jade-x.io,241.1,586.4,cat3,FinTech,2021,76464785,Israel,San Francisco,Alex Smith,Jade X provides innovative solutions for modern businesses. Our platform helps companies streamline operations and drive growth. Trusted by teams worldwide.,SMB
s157,Lens Pro,https://lens-pro.io,324.3,583.9,cat3,FinTech,2021,32297462,USA,San Francisco,Pat Jackson,Lens Pro provides innovative solutions for modern businesses. Our platform helps companies streamline operations and drive growth. Trusted by teams worldwide.,Developer
s158,Zephyr Nexus,https://zephyr-nexus.io,315,653.7,cat3,FinTech,2023,159935558,Singapore,Singapore,Casey Wilson,Zephyr Nexus provides innovative solutions for modern businesses. Our platform helps companies streamline operations and drive growth. Trusted by teams worldwide.,Consumer
s159,Nova View,https://nova-view.io,234.6,620.9,cat3,FinTech,2023,66047864,USA,Portland,Alex Thomas,Nova View provides innovative solutions for modern businesses. Our platform helps companies streamline operations and drive growth. Trusted by teams worldwide.,Consumer
s160,Iris Labs,https://iris-labs.io,293.1,599.2,cat3,FinTech,2020,63927954,Singapore,Denver,Avery White,Iris Labs provides innovative solutions for modern businesses. Our platform helps companies streamline operations and drive growth. Trusted by teams worldwide.,Enterprise
s161,Bolt Logic,https://bolt-logic.io,287.5,631.9,cat3,FinTech,2017,623685,UK,Atlanta,Chris Rodriguez,Bolt Logic provides innovative solutions for modern businesses. Our platform helps companies streamline operations and drive growth. Trusted by teams worldwide.,SMB
s162,Core Now,https://core-now.io,246.2,616.2,cat3,FinTech,2016,188114140,Germany,New York,Quinn Garcia,Core Now provides innovative solutions for modern businesses. Our platform helps companies streamline operations and drive growth. Trusted by teams worldwide.,SMB
s163,Mint Net,https://mint-net.io,276.6,621,cat3,FinTech,2017,121925757,Germany,Seattle,Alex Rodriguez,Mint Net provides innovative solutions for modern businesses. Our platform helps companies streamline operations and drive growth. Trusted by teams worldwide.,SMB
s164,Zenith Go,https://zenith-go.io,279.6,638.2,cat3,FinTech,2016,672786,Canada,Seattle,Skyler Taylor,Zenith Go provides innovative solutions for modern businesses. Our platform helps companies streamline operations and drive growth. Trusted by teams worldwide.,Developer
s165,Mint Wise,https://mint-wise.io,285.6,615.9,cat3,FinTech,2023,86076033,Israel,Denver,Dakota Taylor,Mint Wise provides innovative solutions for modern businesses. Our platform helps companies streamline operations and drive growth. Trusted by teams worldwide.,SMB
s166,Warp Stack,https://warp-stack.io,334.8,595.3,cat3,FinTech,2022,10470510,Singapore,Portland,Sam Martinez,Warp Stack provides innovative solutions for modern businesses. Our platform helps companies streamline operations and drive growth. Trusted by teams worldwide.,Developer
s167,Vertex One,https://vertex-one.io,288.3,630.8,cat3,FinTech,2016,28165376,USA,San Diego,Blake Moore,Vertex One provides innovative solutions for modern businesses. Our platform helps companies streamline operations and drive growth. Trusted by teams worldwide.,SMB
s168,Haven Grid,https://haven-grid.io,272.1,601.8,cat3,FinTech,2019,8514192,USA,Atlanta,Avery Williams,Haven Grid provides innovative solutions for modern businesses. Our platform helps companies streamline operations and drive growth. Trusted by teams worldwide.,Developer
s169,Umbra Data,https://umbra-data.io,561.6,633.5,cat4,Infrastructure,2023,31274238,USA,Portland,Casey Rodriguez,Umbra Data provides innovative solutions for modern businesses. Our platform helps companies streamline operations and drive growth. Trusted by teams worldwide.,SMB
s170,Vertex Tech,https://vertex-tech.io,501.6,674.8,cat4,Infrastructure,2017,442015,UK,Sydney,Emery Smith,Vertex Tech provides innovative solutions for modern businesses. Our platform helps companies streamline operations and drive growth. Trusted by teams worldwide.,Consumer
s171,Vault OS,https://vault-os.io,566.2,646.5,cat4,Infrastructure,2019,1277812,USA,San Diego,Emery Smith,Vault OS provides innovative solutions for modern businesses. Our platform helps companies streamline operations and drive growth. Trusted by teams worldwide.,Consumer
s172,Smart Port,https://smart-port.io,526.1,613.7,cat4,Infrastructure,2020,5674026,Netherlands,Amsterdam,Chris Lee,Smart Port provides innovative solutions for modern businesses. Our platform helps companies streamline operations and drive growth. Trusted by teams worldwide.,Enterprise
s173,Tech AI,https://tech-ai.io,527.8,665.9,cat4,Infrastructure,2017,339861,Israel,London,Skyler Miller,Tech AI provides innovative solutions for modern businesses. Our platform helps companies streamline operations and drive growth. Trusted by teams worldwide.,SMB
s174,Vertex Path,https://vertex-path.io,523.6,658.3,cat4,Infrastructure,2018,1757232,UK,Tel Aviv,Riley Miller,Vertex Path provides innovative solutions for modern businesses. Our platform helps companies streamline operations and drive growth. Trusted by teams worldwide.,Consumer
s175,Smart Beam,https://smart-beam.io,551.2,627,cat4,Infrastructure,2018,1925354,USA,Los Angeles,Chris Garcia,Smart Beam provides innovative solutions for modern businesses. Our platform helps companies streamline operations and drive growth. Trusted by teams worldwide.,SMB
s176,Terra Labs,https://terra-labs.io,575.3,589,cat4,Infrastructure,2022,7129182,USA,Paris,Alex Jones,Terra Labs provides innovative solutions for modern businesses. Our platform helps companies streamline operations and drive growth. Trusted by teams worldwide.,Enterprise
s177,Nova Max,https://nova-max.io,566,643.3,cat4,Infrastructure,2022,1208241,USA,Tel Aviv,Finley Martinez,Nova Max provides innovative solutions for modern businesses. Our platform helps companies streamline operations and drive growth. Trusted by teams worldwide.,Developer
s178,Sync Unit,https://sync-unit.io,560.2,656.3,cat4,Infrastructure,2016,136538932,Israel,San Diego,Finley Garcia,Sync Unit provides innovative solutions for modern businesses. Our platform helps companies streamline operations and drive growth. Trusted by teams worldwide.,Developer
s179,Frost Plus,https://frost-plus.io,499.6,683.4,cat4,Infrastructure,2022,1372174,France,Boston,Avery Williams,Frost Plus provides innovative solutions for modern businesses. Our platform helps companies streamline operations and drive growth. Trusted by teams worldwide.,Enterprise
s180,Nova Path,https://nova-path.io,584.4,641,cat4,Infrastructure,2016,146569161,Israel,San Diego,Avery Davis,Nova Path provides innovative solutions for modern businesses. Our platform helps companies streamline operations and drive growth. Trusted by teams worldwide.,SMB
s181,Zenith Mesh,https://zenith-mesh.io,567.6,625.1,cat4,Infrastructure,2022,9087931,UK,Atlanta,Chris Smith,Zenith Mesh provides innovative solutions for modern businesses. Our platform helps companies streamline operations and drive growth. Trusted by teams worldwide.,SMB
s182,Bolt Cloud,https://bolt-cloud.io,560.4,685.4,cat4,Infrastructure,2017,186945864,USA,Berlin,Casey Johnson,Bolt Cloud provides innovative solutions for modern businesses. Our platform helps companies streamline operations and drive growth. Trusted by teams worldwide.,Enterprise
s183,Warp Port,https://warp-port.io,579.3,639.1,cat4,Infrastructure,2019,8030918,UK,Miami,Alex Martinez,Warp Port provides innovative solutions for modern businesses. Our platform helps companies streamline operations and drive growth. Trusted by teams worldwide.,Developer
s184,Lens Path,https://lens-path.io,530.6,604.5,cat4,Infrastructure,2019,451496,Israel,Philadelphia,Quinn Smith,Lens Path provides innovative solutions for modern businesses. Our platform helps companies streamline operations and drive growth. Trusted by teams worldwide.,SMB
s185,Crest Mesh,https://crest-mesh.io,559.6,665.1,cat4,Infrastructure,2018,27822233,Singapore,Paris,Emery Thompson,Crest Mesh provides innovative solutions for modern businesses. Our platform helps companies streamline operations and drive growth. Trusted by teams worldwide.,SMB
s186,Ember Link,https://ember-link.io,540.5,617,cat4,Infrastructure,2023,252324,USA,San Diego,Emery Smith,Ember Link provides innovative solutions for modern businesses. Our platform helps companies streamline operations and drive growth. Trusted by teams worldwide.,Consumer
s187,Xylo Rise,https://xylo-rise.io,541.9,658.1,cat4,Infrastructure,2019,25234286,USA,New York,Riley Jones,Xylo Rise provides innovative solutions for modern businesses. Our platform helps companies streamline operations and drive growth. Trusted by teams worldwide.,Consumer
s188,Drift Grid,https://drift-grid.io,555.4,653,cat4,Infrastructure,2017,701747,Israel,Atlanta,Chris Jones,Drift Grid provides innovative solutions for modern businesses. Our platform helps companies streamline operations and drive growth. Trusted by teams worldwide.,Consumer
s189,Ember Go,https://ember-go.io,583.2,623.9,cat4,Infrastructure,2020,545772,USA,Miami,Jamie Moore,Ember Go provides innovative solutions for modern businesses. Our platform helps companies streamline operations and drive growth. Trusted by teams worldwide.,Consumer
s190,Prime Quest,https://prime-quest.io,535.3,646.1,cat4,Infrastructure,2017,10882045,UK,Paris,Jamie Thompson,Prime Quest provides innovative solutions for modern businesses. Our platform helps companies streamline operations and drive growth. Trusted by teams worldwide.,Consumer
s191,Mint Go,https://mint-go.io,553.5,674.8,cat4,Infrastructure,2022,8815788,France,San Francisco,Riley Martin,Mint Go provides innovative solutions for modern businesses. Our platform helps companies streamline operations and drive growth. Trusted by teams worldwide.,Consumer
s192,Kite Zone,https://kite-zone.io,459,636.7,cat4,Infrastructure,2019,2644142,UK,Seattle,Quinn Taylor,Kite Zone provides innovative solutions for modern businesses. Our platform helps companies streamline operations and drive growth. Trusted by teams worldwide.,Enterprise
s193,Flux Bridge,https://flux-bridge.io,535.4,652.3,cat4,Infrastructure,2021,88033645,USA,Austin,Pat Johnson,Flux Bridge provides innovative solutions for modern businesses. Our platform helps companies streamline operations and drive growth. Trusted by teams worldwide.,Developer
s194,Xylo Max,https://xylo-max.io,605.2,604.3,cat4,Infrastructure,2019,9175296,USA,San Diego,Dakota Taylor,Xylo Max provides innovative solutions for modern businesses. Our platform helps companies streamline operations and drive growth. Trusted by teams worldwide.,Developer
s195,Lens Cloud,https://lens-cloud.io,538.4,675.6,cat4,Infrastructure,2022,345922,Singapore,Singapore,Jamie Martinez,Lens Cloud provides innovative solutions for modern businesses. Our platform helps companies streamline operations and drive growth. Trusted by teams worldwide.,Consumer
s196,Drift Hub,https://drift-hub.io,530.5,649.6,cat4,Infrastructure,2022,78869447,France,London,Avery Wilson,Drift Hub provides innovative solutions for modern businesses. Our platform helps companies streamline operations and drive growth. Trusted by teams worldwide.,Enterprise
s197,Vault Wave,https://vault-wave.io,551.3,637.8,cat4,Infrastructure,2021,10325822,USA,Chicago,Alex Anderson,Vault Wave provides innovative solutions for modern businesses. Our platform helps companies streamline operations and drive growth. Trusted by teams worldwide.,Enterprise
s198,Jade Edge,https://jade-edge.io,548.2,644,cat4,Infrastructure,2022,64868267,Canada,Philadelphia,Sam Smith,Jade Edge provides innovative solutions for modern businesses. Our platform helps companies streamline operations and drive growth. Trusted by teams worldwide.,Developer
s199,Terra Byte,https://terra-byte.io,583.8,683,cat4,Infrastructure,2021,7807363,Canada,Boston,Finley Rodriguez,Terra Byte provides innovative solutions for modern businesses. Our platform helps companies streamline operations and drive growth. Trusted by teams worldwide.,Consumer
s200,Drift Plus,https://drift-plus.io,566.4,675.8,cat4,Infrastructure,2023,9563048,France,Amsterdam,Riley Jackson,Drift Plus provides innovative solutions for modern businesses. Our platform helps companies streamline operations and drive growth. Trusted by teams worldwide.,Developer
s201,Lattice Lite,https://lattice-lite.io,542.2,674.1,cat4,Infrastructure,2022,24125100,USA,Philadelphia,Finley Anderson,Lattice Lite provides innovative solutions for modern businesses. Our platform helps companies streamline operations and drive growth. Trusted by teams worldwide.,Developer
s202,Tech Logic,https://tech-logic.io,515.1,632.3,cat4,Infrastructure,2019,646242,Australia,Los Angeles,Jamie Rodriguez,Tech Logic provides innovative solutions for modern businesses. Our platform helps companies streamline operations and drive growth. Trusted by teams worldwide.,Enterprise
s203,Warp Wave,https://warp-wave.io,537.4,656.1,cat4,Infrastructure,2016,1086342,Germany,Portland,Cameron Thompson,Warp Wave provides innovative solutions for modern businesses. Our platform helps companies streamline operations and drive growth. Trusted by teams worldwide.,Consumer
s204,Echo Code,https://echo-code.io,527.9,616.5,cat4,Infrastructure,2019,83605451,Singapore,Los Angeles,Alex Anderson,Echo Code provides innovative solutions for modern businesses. Our platform helps companies streamline operations and drive growth. Trusted by teams worldwide.,Consumer
s205,Zenith Sync,https://zenith-sync.io,536.1,649.6,cat4,Infrastructure,2021,20666487,USA,Amsterdam,Sam Thompson,Zenith Sync provides innovative solutions for modern businesses. Our platform helps companies streamline operations and drive growth. Trusted by teams worldwide.,Developer
s206,Crest Signal,https://crest-signal.io,509.6,619.1,cat4,Infrastructure,2018,6843036,USA,San Diego,Chris Lee,Crest Signal provides innovative solutions for modern businesses. Our platform helps companies streamline operations and drive growth. Trusted by teams worldwide.,Consumer
s207,Forge Beam,https://forge-beam.io,560.8,643.1,cat4,Infrastructure,2018,648077,Australia,Miami,Drew Wilson,Forge Beam provides innovative solutions for modern businesses. Our platform helps companies streamline operations and drive growth. Trusted by teams worldwide.,Developer
s208,Tech Port,https://tech-port.io,534.3,641.4,cat4,Infrastructure,2019,103608293,France,Miami,Taylor Martinez,Tech Port provides innovative solutions for modern businesses. Our platform helps companies streamline operations and drive growth. Trusted by teams worldwide.,Consumer
s209,Zenith Scope,https://zenith-scope.io,544.2,673.8,cat4,Infrastructure,2016,368604,Netherlands,Los Angeles,Chris Jones,Zenith Scope provides innovative solutions for modern businesses. Our platform helps companies streamline operations and drive growth. Trusted by teams worldwide.,Developer
s210,Quantum Flow,https://quantum-flow.io,514.9,656.6,cat4,Infrastructure,2022,61006097,USA,Seattle,Skyler Jones,Quantum Flow provides innovative solutions for modern businesses. Our platform helps companies streamline operations and drive growth. Trusted by teams worldwide.,Enterprise
s211,Acme 360,https://acme-360.io,569.3,637.9,cat4,Infrastructure,2021,162456175,USA,Chicago,Morgan Martin,Acme 360 provides innovative solutions for modern businesses. Our platform helps companies streamline operations and drive growth. Trusted by teams worldwide.,Developer
s212,Frost Grid,https://frost-grid.io,551.9,657.2,cat4,Infrastructure,2021,10828939,Canada,Chicago,Alex Lee,Frost Grid provides innovative solutions for modern businesses. Our platform helps companies streamline operations and drive growth. Trusted by teams worldwide.,Developer
s213,Jade Path,https://jade-path.io,506.1,626.7,cat4,Infrastructure,2017,13403674,USA,Tel Aviv,Alex Williams,Jade Path provides innovative solutions for modern businesses. Our platform helps companies streamline operations and drive growth. Trusted by teams worldwide.,Enterprise
s214,Spark One,https://spark-one.io,593.2,687,cat4,Infrastructure,2017,22786342,USA,Singapore,Taylor Williams,Spark One provides innovative solutions for modern businesses. Our platform helps companies streamline operations and drive growth. Trusted by teams worldwide.,Consumer
s215,Vault Net,https://vault-net.io,554.5,634.5,cat4,Infrastructure,2020,102063030,USA,Chicago,Finley Johnson,Vault Net provides innovative solutions for modern businesses. Our platform helps companies streamline operations and drive growth. Trusted by teams worldwide.,SMB
s216,Tech Tide,https://tech-tide.io,554.7,657.3,cat4,Infrastructure,2022,42755952,USA,Tel Aviv,Riley Garcia,Tech Tide provides innovative solutions for modern businesses. Our platform helps companies streamline operations and drive growth. Trusted by teams worldwide.,SMB
s217,Mint Forge,https://mint-forge.io,572.4,587.1,cat4,Infrastructure,2019,5085868,USA,Denver,Robin Garcia,Mint Forge provides innovative solutions for modern businesses. Our platform helps companies streamline operations and drive growth. Trusted by teams worldwide.,SMB
s218,Yield Hub,https://yield-hub.io,524.2,648.2,cat4,Infrastructure,2022,390393,USA,Portland,Blake Davis,Yield Hub provides innovative solutions for modern businesses. Our platform helps companies streamline operations and drive growth. Trusted by teams worldwide.,Consumer
s219,Meridian Base,https://meridian-base.io,545.4,620,cat4,Infrastructure,2022,4139340,Australia,Denver,Sam Thomas,Meridian Base provides innovative solutions for modern businesses. Our platform helps companies streamline operations and drive growth. Trusted by teams worldwide.,SMB
s220,Ember Path,https://ember-path.io,541.5,633.1,cat4,Infrastructure,2017,417309,UK,Seattle,Chris Garcia,Ember Path provides innovative solutions for modern businesses. Our platform helps companies streamline operations and drive growth. Trusted by teams worldwide.,Developer
s221,Meridian Go,https://meridian-go.io,579.2,661.1,cat4,Infrastructure,2017,10511818,Singapore,Boston,Finley Miller,Meridian Go provides innovative solutions for modern businesses. Our platform helps companies streamline operations and drive growth. Trusted by teams worldwide.,Consumer
s222,Orbit Forge,https://orbit-forge.io,544.9,620.8,cat4,Infrastructure,2016,589674,USA,New York,Dakota Brown,Orbit Forge provides innovative solutions for modern businesses. Our platform helps companies streamline operations and drive growth. Trusted by teams worldwide.,Enterprise
s223,Lens Unit,https://lens-unit.io,541.3,598,cat4,Infrastructure,2021,32799228,Canada,San Diego,Robin Smith,Lens Unit provides innovative solutions for modern businesses. Our platform helps companies streamline operations and drive growth. Trusted by teams worldwide.,Consumer
s224,Quantum Stack,https://quantum-stack.io,540.8,669.5,cat4,Infrastructure,2022,84316810,USA,Portland,Dakota Thompson,Quantum Stack provides innovative solutions for modern businesses. Our platform helps companies streamline operations and drive growth. Trusted by teams worldwide.,Consumer
s225,Orbit Node,https://orbit-node.io,717.9,162.4,cat5,EdTech,2020,2948483,Israel,Paris,Avery Williams,Orbit Node provides innovative solutions for modern businesses. Our platform helps companies streamline operations and drive growth. Trusted by teams worldwide.,Developer
s226,Zenith Edge,https://zenith-edge.io,731.5,151.4,cat5,EdTech,2017,57870216,USA,Sydney,Quinn Wilson,Zenith Edge provides innovative solutions for modern businesses. Our platform helps companies streamline operations and drive growth. Trusted by teams worldwide.,Consumer
s227,Iris Wise,https://iris-wise.io,783.8,200,cat5,EdTech,2019,31711165,USA,San Diego,Casey Wilson,Iris Wise provides innovative solutions for modern businesses. Our platform helps companies streamline operations and drive growth. Trusted by teams worldwide.,SMB
s228,Quantum Forge,https://quantum-forge.io,729,193.8,cat5,EdTech,2022,465977,USA,Atlanta,Sam Thompson,Quantum Forge provides innovative solutions for modern businesses. Our platform helps companies streamline operations and drive growth. Trusted by teams worldwide.,Consumer
s229,Orbit Nexus,https://orbit-nexus.io,747.4,162.6,cat5,EdTech,2018,204122497,USA,Paris,Sam Martinez,Orbit Nexus provides innovative solutions for modern businesses. Our platform helps companies streamline operations and drive growth. Trusted by teams worldwide.,Enterprise
s230,Terra Vault,https://terra-vault.io,718.9,206.6,cat5,EdTech,2018,658008,Australia,Berlin,Alex Wilson,Terra Vault provides innovative solutions for modern businesses. Our platform helps companies streamline operations and drive growth. Trusted by teams worldwide.,SMB
s231,Atlas Zone,https://atlas-zone.io,748.5,190.2,cat5,EdTech,2023,9643508,Germany,Toronto,Sam Lee,Atlas Zone provides innovative solutions for modern businesses. Our platform helps companies streamline operations and drive growth. Trusted by teams worldwide.,SMB
s232,Warp Byte,https://warp-byte.io,732.3,194.7,cat5,EdTech,2019,1811000,UK,Philadelphia,Jamie Anderson,Warp Byte provides innovative solutions for modern businesses. Our platform helps companies streamline operations and drive growth. Trusted by teams worldwide.,SMB
s233,Drift Code,https://drift-code.io,681.6,211,cat5,EdTech,2017,2842434,USA,London,Morgan Miller,Drift Code provides innovative solutions for modern businesses. Our platform helps companies streamline operations and drive growth. Trusted by teams worldwide.,Consumer
s234,Prism Vault,https://prism-vault.io,691.6,194.9,cat5,EdTech,2022,427587,UK,Chicago,Robin Smith,Prism Vault provides innovative solutions for modern businesses. Our platform helps companies streamline operations and drive growth. Trusted by teams worldwide.,Enterprise
s235,Stride Flow,https://stride-flow.io,674.1,177.3,cat5,EdTech,2019,37208524,USA,Amsterdam,Riley Smith,Stride Flow provides innovative solutions for modern businesses. Our platform helps companies streamline operations and drive growth. Trusted by teams worldwide.,Enterprise
s236,Lens Code,https://lens-code.io,690.1,214.2,cat5,EdTech,2021,99241669,Singapore,New York,Sam Thompson,Lens Code provides innovative solutions for modern businesses. Our platform helps companies streamline operations and drive growth. Trusted by teams worldwide.,Consumer
s237,Cipher Labs,https://cipher-labs.io,708.9,219.5,cat5,EdTech,2017,2859257,USA,San Diego,Chris Miller,Cipher Labs provides innovative solutions for modern businesses. Our platform helps companies streamline operations and drive growth. Trusted by teams worldwide.,SMB
s238,Nexus Go,https://nexus-go.io,747.4,157.2,cat5,EdTech,2019,17328668,Canada,London,Robin Wilson,Nexus Go provides innovative solutions for modern businesses. Our platform helps companies streamline operations and drive growth. Trusted by teams worldwide.,Consumer
s239,Terra Nexus,https://terra-nexus.io,728.3,206.8,cat5,EdTech,2017,52770642,France,Boston,Jordan Moore,Terra Nexus provides innovative solutions for modern businesses. Our platform helps companies streamline operations and drive growth. Trusted by teams worldwide.,Developer
s240,Core One,https://core-one.io,719,202.9,cat5,EdTech,2020,11620684,Singapore,Toronto,Casey Jackson,Core One provides innovative solutions for modern businesses. Our platform helps companies streamline operations and drive growth. Trusted by teams worldwide.,Developer
s241,Cipher Zone,https://cipher-zone.io,735.9,180.6,cat5,EdTech,2023,79404699,USA,Singapore,Alex Miller,Cipher Zone provides innovative solutions for modern businesses. Our platform helps companies streamline operations and drive growth. Trusted by teams worldwide.,SMB
s242,Flux Beam,https://flux-beam.io,716,198.8,cat5,EdTech,2019,82930117,USA,San Diego,Quinn Johnson,Flux Beam provides innovative solutions for modern businesses. Our platform helps companies streamline operations and drive growth. Trusted by teams worldwide.,SMB
s243,Quantum Rise,https://quantum-rise.io,701.8,210.8,cat5,EdTech,2020,142050417,Canada,Chicago,Morgan Johnson,Quantum Rise provides innovative solutions for modern businesses. Our platform helps companies streamline operations and drive growth. Trusted by teams worldwide.,Consumer
s244,Terra View,https://terra-view.io,734.3,254.9,cat5,EdTech,2018,7104919,Israel,Denver,Skyler Martin,Terra View provides innovative solutions for modern businesses. Our platform helps companies streamline operations and drive growth. Trusted by teams worldwide.,Enterprise
s245,Kite OS,https://kite-os.io,729,184.5,cat5,EdTech,2022,102418367,USA,Singapore,Morgan Jackson,Kite OS provides innovative solutions for modern businesses. Our platform helps companies streamline operations and drive growth. Trusted by teams worldwide.,Consumer
s246,Vertex Beam,https://vertex-beam.io,685.6,177.4,cat5,EdTech,2017,6229103,Singapore,Singapore,Blake Taylor,Vertex Beam provides innovative solutions for modern businesses. Our platform helps companies streamline operations and drive growth. Trusted by teams worldwide.,Consumer
s247,Data AI,https://data-ai.io,662.8,156.5,cat5,EdTech,2022,13142256,USA,Denver,Pat Rodriguez,Data AI provides innovative solutions for modern businesses. Our platform helps companies streamline operations and drive growth. Trusted by teams worldwide.,Enterprise
s248,Tech Go,https://tech-go.io,676.4,193.5,cat5,EdTech,2023,11206891,USA,Tel Aviv,Taylor Davis,Tech Go provides innovative solutions for modern businesses. Our platform helps companies streamline operations and drive growth. Trusted by teams worldwide.,Enterprise
s249,Ember Logic,https://ember-logic.io,706.7,166.9,cat5,EdTech,2021,589677,USA,Chicago,Quinn Williams,Ember Logic provides innovative solutions for modern businesses. Our platform helps companies streamline operations and drive growth. Trusted by teams worldwide.,Enterprise
s250,Iris Byte,https://iris-byte.io,713.7,178.5,cat5,EdTech,2017,124305343,Israel,Austin,Dakota Jones,Iris Byte provides innovative solutions for modern businesses. Our platform helps companies streamline operations and drive growth. Trusted by teams worldwide.,Consumer
s251,Yield 360,https://yield-360.io,707.6,200.8,cat5,EdTech,2021,57133930,USA,Boston,Chris Rodriguez,Yield 360 provides innovative solutions for modern businesses. Our platform helps companies streamline operations and drive growth. Trusted by teams worldwide.,Enterprise
s252,Cloud Unit,https://cloud-unit.io,741,188,cat5,EdTech,2018,2647502,USA,San Diego,Casey Thomas,Cloud Unit provides innovative solutions for modern businesses. Our platform helps companies streamline operations and drive growth. Trusted by teams worldwide.,SMB
s253,Nova Forge,https://nova-forge.io,699.3,162.9,cat5,EdTech,2019,85717981,Canada,Paris,Cameron Smith,Nova Forge provides innovative solutions for modern businesses. Our platform helps companies streamline operations and drive growth. Trusted by teams worldwide.,Enterprise
s254,Flow Quest,https://flow-quest.io,652.2,180.9,cat5,EdTech,2022,323698,USA,Atlanta,Drew Taylor,Flow Quest provides innovative solutions for modern businesses. Our platform helps companies streamline operations and drive growth. Trusted by teams worldwide.,Developer
s255,Pulse Rise,https://pulse-rise.io,670.6,208,cat5,EdTech,2017,1521455,USA,Singapore,Finley White,Pulse Rise provides innovative solutions for modern businesses. Our platform helps companies streamline operations and drive growth. Trusted by teams worldwide.,Developer
s256,Mint AI,https://mint-ai.io,677.3,158.9,cat5,EdTech,2022,1550594,USA,Los Angeles,Chris Davis,Mint AI provides innovative solutions for modern businesses. Our platform helps companies streamline operations and drive growth. Trusted by teams worldwide.,SMB
s257,Jade Wise,https://jade-wise.io,775.3,198.2,cat5,EdTech,2018,306506,USA,Boston,Cameron Martinez,Jade Wise provides innovative solutions for modern businesses. Our platform helps companies streamline operations and drive growth. Trusted by teams worldwide.,Consumer
s258,Flow Plus,https://flow-plus.io,713.8,187.1,cat5,EdTech,2023,202932622,USA,Paris,Finley Rodriguez,Flow Plus provides innovative solutions for modern businesses. Our platform helps companies streamline operations and drive growth. Trusted by teams worldwide.,SMB
s259,Pulse Grid,https://pulse-grid.io,736.5,230.2,cat5,EdTech,2020,10853435,USA,Chicago,Jordan Jackson,Pulse Grid provides innovative solutions for modern businesses. Our platform helps companies streamline operations and drive growth. Trusted by teams worldwide.,SMB
s260,Kite Port,https://kite-port.io,670.5,210.1,cat5,EdTech,2023,148801866,Singapore,Philadelphia,Quinn Williams,Kite Port provides innovative solutions for modern businesses. Our platform helps companies streamline operations and drive growth. Trusted by teams worldwide.,Enterprise
s261,Flow Go,https://flow-go.io,728.5,177.8,cat5,EdTech,2022,301658,Netherlands,Boston,Robin Miller,Flow Go provides innovative solutions for modern businesses. Our platform helps companies streamline operations and drive growth. Trusted by teams worldwide.,Consumer
s262,Core Flow,https://core-flow.io,667,221.2,cat5,EdTech,2020,85604675,Canada,Austin,Dakota Miller,Core Flow provides innovative solutions for modern businesses. Our platform helps companies streamline operations and drive growth. Trusted by teams worldwide.,Developer
s263,Smart Vault,https://smart-vault.io,754.2,216.4,cat5,EdTech,2018,86424873,Netherlands,Sydney,Blake Brown,Smart Vault provides innovative solutions for modern businesses. Our platform helps companies streamline operations and drive growth. Trusted by teams worldwide.,SMB
s264,Pulse AI,https://pulse-ai.io,718.1,157.6,cat5,EdTech,2021,49456774,Germany,San Diego,Skyler Davis,Pulse AI provides innovative solutions for modern businesses. Our platform helps companies streamline operations and drive growth. Trusted by teams worldwide.,SMB
s265,Drift Go,https://drift-go.io,702.1,226.7,cat5,EdTech,2023,299667,USA,Portland,Drew Wilson,Drift Go provides innovative solutions for modern businesses. Our platform helps companies streamline operations and drive growth. Trusted by teams worldwide.,SMB
s266,Xylo Net,https://xylo-net.io,716,161.4,cat5,EdTech,2023,21245641,USA,Paris,Emery Thompson,Xylo Net provides innovative solutions for modern businesses. Our platform helps companies streamline operations and drive growth. Trusted by teams worldwide.,Developer
s267,Data Signal,https://data-signal.io,703.1,166.1,cat5,EdTech,2022,77343806,Israel,San Diego,Emery Wilson,Data Signal provides innovative solutions for modern businesses. Our platform helps companies streamline operations and drive growth. Trusted by teams worldwide.,Consumer
s268,Cloud Core,https://cloud-core.io,678.3,159.6,cat5,EdTech,2018,7940312,Germany,San Francisco,Jordan Garcia,Cloud Core provides innovative solutions for modern businesses. Our platform helps companies streamline operations and drive growth. Trusted by teams worldwide.,Developer
s269,Forge View,https://forge-view.io,723.9,180.4,cat5,EdTech,2016,11786133,USA,Berlin,Cameron Anderson,Forge View provides innovative solutions for modern businesses. Our platform helps companies streamline operations and drive growth. Trusted by teams worldwide.,Enterprise
s270,Nova Wise,https://nova-wise.io,657.3,154.2,cat5,EdTech,2018,2069228,Canada,San Francisco,Pat Lee,Nova Wise provides innovative solutions for modern businesses. Our platform helps companies streamline operations and drive growth. Trusted by teams worldwide.,Consumer
s271,Tech Node,https://tech-node.io,719.1,161.9,cat5,EdTech,2016,4946801,Netherlands,Denver,Drew Anderson,Tech Node provides innovative solutions for modern businesses. Our platform helps companies streamline operations and drive growth. Trusted by teams worldwide.,SMB
s272,Forge Mesh,https://forge-mesh.io,660.1,219.2,cat5,EdTech,2018,44023868,Canada,New York,Chris Jackson,Forge Mesh provides innovative solutions for modern businesses. Our platform helps companies streamline operations and drive growth. Trusted by teams worldwide.,Consumer
s273,Mint Edge,https://mint-edge.io,737.6,232.4,cat5,EdTech,2016,626521,Australia,New York,Robin Lee,Mint Edge provides innovative solutions for modern businesses. Our platform helps companies streamline operations and drive growth. Trusted by teams worldwide.,Enterprise
s274,Quantum Link,https://quantum-link.io,722.4,205,cat5,EdTech,2018,62258466,USA,Sydney,Finley Thompson,Quantum Link provides innovative solutions for modern businesses. Our platform helps companies streamline operations and drive growth. Trusted by teams worldwide.,SMB
s275,Xylo Mesh,https://xylo-mesh.io,769.5,212,cat5,EdTech,2016,29225839,USA,Berlin,Sam Moore,Xylo Mesh provides innovative solutions for modern businesses. Our platform helps companies streamline operations and drive growth. Trusted by teams worldwide.,Consumer
s276,Tech Link,https://tech-link.io,669.2,196.5,cat5,EdTech,2023,37908857,USA,Austin,Quinn Rodriguez,Tech Link provides innovative solutions for modern businesses. Our platform helps companies streamline operations and drive growth. Trusted by teams worldwide.,Enterprise
s277,Flow 360,https://flow-360.io,733.7,169.3,cat5,EdTech,2018,253447,Singapore,San Diego,Pat Brown,Flow 360 provides innovative solutions for modern businesses. Our platform helps companies streamline operations and drive growth. Trusted by teams worldwide.,Developer
s278,Stride Link,https://stride-link.io,682.6,186.8,cat5,EdTech,2020,2829051,Netherlands,Singapore,Alex Martin,Stride Link provides innovative solutions for modern businesses. Our platform helps companies streamline operations and drive growth. Trusted by teams worldwide.,Developer
s279,Flux Data,https://flux-data.io,734.2,182.1,cat5,EdTech,2020,657372,USA,Miami,Avery White,Flux Data provides innovative solutions for modern businesses. Our platform helps companies streamline operations and drive growth. Trusted by teams worldwide.,Consumer
s280,Flux Stack,https://flux-stack.io,709.9,176.8,cat5,EdTech,2018,29557030,USA,Berlin,Finley Miller,Flux Stack provides innovative solutions for modern businesses. Our platform helps companies streamline operations and drive growth. Trusted by teams worldwide.,Consumer
s281,Crest Pro,https://crest-pro.io,515.4,196.7,cat6,E-commerce,2019,145827518,France,London,Blake Thomas,Crest Pro provides innovative solutions for modern businesses. Our platform helps companies streamline operations and drive growth. Trusted by teams worldwide.,Developer
s282,Lattice Plus,https://lattice-plus.io,493.4,161,cat6,E-commerce,2018,718007,USA,Seattle,Jamie Jones,Lattice Plus provides innovative solutions for modern businesses. Our platform helps companies streamline operations and drive growth. Trusted by teams worldwide.,Developer
s283,Prime Hub,https://prime-hub.io,550.3,219.6,cat6,E-commerce,2023,4770553,Canada,Amsterdam,Avery Thompson,Prime Hub provides innovative solutions for modern businesses. Our platform helps companies streamline operations and drive growth. Trusted by teams worldwide.,Developer
s284,Bolt Tech,https://bolt-tech.io,497.5,202.5,cat6,E-commerce,2018,57266478,Canada,Los Angeles,Emery Miller,Bolt Tech provides innovative solutions for modern businesses. Our platform helps companies streamline operations and drive growth. Trusted by teams worldwide.,Consumer
s285,Cloud Path,https://cloud-path.io,509,157.5,cat6,E-commerce,2023,34412547,USA,Chicago,Casey Jones,Cloud Path provides innovative solutions for modern businesses. Our platform helps companies streamline operations and drive growth. Trusted by teams worldwide.,SMB
s286,Mint Tide,https://mint-tide.io,541.5,177.3,cat6,E-commerce,2023,17048089,USA,Paris,Skyler White,Mint Tide provides innovative solutions for modern businesses. Our platform helps companies streamline operations and drive growth. Trusted by teams worldwide.,Enterprise
s287,Prism Hub,https://prism-hub.io,539.4,219.2,cat6,E-commerce,2020,18215177,USA,Portland,Morgan Brown,Prism Hub provides innovative solutions for modern businesses. Our platform helps companies streamline operations and drive growth. Trusted by teams worldwide.,Enterprise
s288,Data Pro,https://data-pro.io,492.2,207.7,cat6,E-commerce,2016,9935197,Singapore,Sydney,Drew Brown,Data Pro provides innovative solutions for modern businesses. Our platform helps companies streamline operations and drive growth. Trusted by teams worldwide.,Developer
s289,Cipher Data,https://cipher-data.io,529.9,228,cat6,E-commerce,2017,644613,USA,San Diego,Jordan Wilson,Cipher Data provides innovative solutions for modern businesses. Our platform helps companies streamline operations and drive growth. Trusted by teams worldwide.,Consumer
s290,Meridian Unit,https://meridian-unit.io,492.8,158,cat6,E-commerce,2022,2222095,France,Seattle,Quinn Lee,Meridian Unit provides innovative solutions for modern businesses. Our platform helps companies streamline operations and drive growth. Trusted by teams worldwide.,SMB
s291,Yield Zone,https://yield-zone.io,521,223,cat6,E-commerce,2021,102780506,USA,New York,Finley Smith,Yield Zone provides innovative solutions for modern businesses. Our platform helps companies streamline operations and drive growth. Trusted by teams worldwide.,Consumer
s292,Umbra Stack,https://umbra-stack.io,542.4,196.3,cat6,E-commerce,2017,95045631,Netherlands,Toronto,Dakota Thomas,Umbra Stack provides innovative solutions for modern businesses. Our platform helps companies streamline operations and drive growth. Trusted by teams worldwide.,Developer
s293,Kite Code,https://kite-code.io,526.1,190.4,cat6,E-commerce,2018,25552014,USA,London,Dakota Martinez,Kite Code provides innovative solutions for modern businesses. Our platform helps companies streamline operations and drive growth. Trusted by teams worldwide.,SMB
s294,Sync Port,https://sync-port.io,496,171.5,cat6,E-commerce,2017,33558224,Canada,Portland,Morgan Lee,Sync Port provides innovative solutions for modern businesses. Our platform helps companies streamline operations and drive growth. Trusted by teams worldwide.,Enterprise
s295,Smart Core,https://smart-core.io,483.4,167.5,cat6,E-commerce,2020,734145,USA,Berlin,Dakota Thompson,Smart Core provides innovative solutions for modern businesses. Our platform helps companies streamline operations and drive growth. Trusted by teams worldwide.,Consumer
s296,Helix Now,https://helix-now.io,458.6,215.8,cat6,E-commerce,2019,192492401,Australia,Atlanta,Alex White,Helix Now provides innovative solutions for modern businesses. Our platform helps companies streamline operations and drive growth. Trusted by teams worldwide.,Consumer
s297,Xylo Data,https://xylo-data.io,494.2,189.5,cat6,E-commerce,2021,519477,USA,Portland,Jordan Moore,Xylo Data provides innovative solutions for modern businesses. Our platform helps companies streamline operations and drive growth. Trusted by teams worldwide.,SMB
s298,Quantum Data,https://quantum-data.io,551.8,209,cat6,E-commerce,2017,437364,USA,Amsterdam,Drew Rodriguez,Quantum Data provides innovative solutions for modern businesses. Our platform helps companies streamline operations and drive growth. Trusted by teams worldwide.,Consumer
s299,Sync Code,https://sync-code.io,513.7,223.2,cat6,E-commerce,2022,95722837,Netherlands,Chicago,Emery Martin,Sync Code provides innovative solutions for modern businesses. Our platform helps companies streamline operations and drive growth. Trusted by teams worldwide.,Developer
s300,Spark Pulse,https://spark-pulse.io,515.4,177.1,cat6,E-commerce,2023,36013173,Singapore,Berlin,Skyler Thomas,Spark Pulse provides innovative solutions for modern businesses. Our platform helps companies streamline operations and drive growth. Trusted by teams worldwide.,Developer
s301,Flux Forge,https://flux-forge.io,467.5,242.8,cat6,E-commerce,2017,1840360,USA,Amsterdam,Jamie Anderson,Flux Forge provides innovative solutions for modern businesses. Our platform helps companies streamline operations and drive growth. Trusted by teams worldwide.,Enterprise
s302,Umbra Wave,https://umbra-wave.io,522.3,195,cat6,E-commerce,2023,546522,Netherlands,Sydney,Robin Davis,Umbra Wave provides innovative solutions for modern businesses. Our platform helps companies streamline operations and drive growth. Trusted by teams worldwide.,Consumer
s303,Ember Wave,https://ember-wave.io,482.4,183.6,cat6,E-commerce,2016,444992,USA,Seattle,Alex Jackson,Ember Wave provides innovative solutions for modern businesses. Our platform helps companies streamline operations and drive growth. Trusted by teams worldwide.,Developer
s304,Zenith Core,https://zenith-core.io,502.6,227.5,cat6,E-commerce,2022,2729269,USA,Atlanta,Sam Martin,Zenith Core provides innovative solutions for modern businesses. Our platform helps companies streamline operations and drive growth. Trusted by teams worldwide.,Enterprise
s305,Glint Wise,https://glint-wise.io,502.8,232,cat6,E-commerce,2017,71634252,USA,Philadelphia,Emery Thomas,Glint Wise provides innovative solutions for modern businesses. Our platform helps companies streamline operations and drive growth. Trusted by teams worldwide.,Developer
s306,Flow AI,https://flow-ai.io,439,247.4,cat6,E-commerce,2023,10354070,USA,Philadelphia,Casey Garcia,Flow AI provides innovative solutions for modern businesses. Our platform helps companies streamline operations and drive growth. Trusted by teams worldwide.,Developer
s307,Glint Yard,https://glint-yard.io,480.9,248.8,cat6,E-commerce,2019,116792318,USA,Austin,Jamie Jackson,Glint Yard provides innovative solutions for modern businesses. Our platform helps companies streamline operations and drive growth. Trusted by teams worldwide.,Developer
s308,Mint X,https://mint-x.io,479.7,200.3,cat6,E-commerce,2021,10519554,USA,Singapore,Avery Moore,Mint X provides innovative solutions for modern businesses. Our platform helps companies streamline operations and drive growth. Trusted by teams worldwide.,Enterprise
s309,Zephyr Stack,https://zephyr-stack.io,509.9,206.9,cat6,E-commerce,2022,72562335,UK,Tel Aviv,Morgan Thomas,Zephyr Stack provides innovative solutions for modern businesses. Our platform helps companies streamline operations and drive growth. Trusted by teams worldwide.,SMB
s310,Core Core,https://core-core.io,470.7,224.7,cat6,E-commerce,2023,81791518,Canada,Seattle,Casey Thomas,Core Core provides innovative solutions for modern businesses. Our platform helps companies streamline operations and drive growth. Trusted by teams worldwide.,Developer
s311,Sync Bridge,https://sync-bridge.io,462.9,203.7,cat6,E-commerce,2022,23789418,Australia,Toronto,Blake Garcia,Sync Bridge provides innovative solutions for modern businesses. Our platform helps companies streamline operations and drive growth. Trusted by teams worldwide.,Enterprise
s312,Vertex X,https://vertex-x.io,493.5,232.3,cat6,E-commerce,2020,33206555,USA,Tel Aviv,Finley Jones,Vertex X provides innovative solutions for modern businesses. Our platform helps companies streamline operations and drive growth. Trusted by teams worldwide.,Enterprise
s313,Xylo Edge,https://xylo-edge.io,515.7,179.8,cat6,E-commerce,2022,5142014,Canada,Los Angeles,Jamie Jones,Xylo Edge provides innovative solutions for modern businesses. Our platform helps companies streamline operations and drive growth. Trusted by teams worldwide.,Consumer
s314,Cipher Byte,https://cipher-byte.io,481.3,249,cat6,E-commerce,2019,37169944,Singapore,London,Morgan Thomas,Cipher Byte provides innovative solutions for modern businesses. Our platform helps companies streamline operations and drive growth. Trusted by teams worldwide.,Consumer
s315,Quantum 360,https://quantum-360.io,511.3,211.7,cat6,E-commerce,2023,139286604,UK,Chicago,Finley Brown,Quantum 360 provides innovative solutions for modern businesses. Our platform helps companies streamline operations and drive growth. Trusted by teams worldwide.,Developer
s316,Mint IQ,https://mint-iq.io,473.6,189.5,cat6,E-commerce,2020,333610,France,Tel Aviv,Cameron Martinez,Mint IQ provides innovative solutions for modern businesses. Our platform helps companies streamline operations and drive growth. Trusted by teams worldwide.,Enterprise
s317,Prism Bridge,https://prism-bridge.io,540,216.7,cat6,E-commerce,2017,40171149,USA,Atlanta,Robin White,Prism Bridge provides innovative solutions for modern businesses. Our platform helps companies streamline operations and drive growth. Trusted by teams worldwide.,Consumer
s318,Acme Data,https://acme-data.io,499.8,200.4,cat6,E-commerce,2022,4967828,USA,Sydney,Taylor Jones,Acme Data provides innovative solutions for modern businesses. Our platform helps companies streamline operations and drive growth. Trusted by teams worldwide.,Developer
s319,Umbra Now,https://umbra-now.io,495.9,200.7,cat6,E-commerce,2020,108264333,Canada,Denver,Emery Brown,Umbra Now provides innovative solutions for modern businesses. Our platform helps companies streamline operations and drive growth. Trusted by teams worldwide.,SMB
s320,Glint Flow,https://glint-flow.io,519,149.9,cat6,E-commerce,2020,503354,USA,Seattle,Drew Moore,Glint Flow provides innovative solutions for modern businesses. Our platform helps companies streamline operations and drive growth. Trusted by teams worldwide.,Consumer
s321,Warp Sync,https://warp-sync.io,497.4,229.9,cat6,E-commerce,2018,82652224,USA,New York,Emery Taylor,Warp Sync provides innovative solutions for modern businesses. Our platform helps companies streamline operations and drive growth. Trusted by teams worldwide.,Consumer
s322,Iris Tech,https://iris-tech.io,551.7,212.9,cat6,E-commerce,2017,2403254,USA,Denver,Alex Moore,Iris Tech provides innovative solutions for modern businesses. Our platform helps companies streamline operations and drive growth. Trusted by teams worldwide.,Consumer
s323,Luma Max,https://luma-max.io,527.7,199.5,cat6,E-commerce,2023,18047089,Israel,Berlin,Quinn Williams,Luma Max provides innovative solutions for modern businesses. Our platform helps companies streamline operations and drive growth. Trusted by teams worldwide.,SMB
s324,Mint Pulse,https://mint-pulse.io,480.8,263.7,cat6,E-commerce,2018,264790,Australia,Philadelphia,Cameron Anderson,Mint Pulse provides innovative solutions for modern businesses. Our platform helps companies streamline operations and drive growth. Trusted by teams worldwide.,Enterprise
s325,Lens Data,https://lens-data.io,506.4,181,cat6,E-commerce,2023,281501,USA,London,Sam Garcia,Lens Data provides innovative solutions for modern businesses. Our platform helps companies streamline operations and drive growth. Trusted by teams worldwide.,Enterprise
s326,Cloud Tide,https://cloud-tide.io,588.3,165.6,cat6,E-commerce,2017,61633702,USA,New York,Skyler Jones,Cloud Tide provides innovative solutions for modern businesses. Our platform helps companies streamline operations and drive growth. Trusted by teams worldwide.,Consumer
s327,Zephyr Signal,https://zephyr-signal.io,547.6,183.4,cat6,E-commerce,2017,2668476,USA,London,Robin Taylor,Zephyr Signal provides innovative solutions for modern businesses. Our platform helps companies streamline operations and drive growth. Trusted by teams worldwide.,Enterprise
s328,Vector One,https://vector-one.io,524.7,209.2,cat6,E-commerce,2020,91685707,Netherlands,Amsterdam,Casey Johnson,Vector One provides innovative solutions for modern businesses. Our platform helps companies streamline operations and drive growth. Trusted by teams worldwide.,Enterprise
s329,Cipher Pulse,https://cipher-pulse.io,527.6,222.3,cat6,E-commerce,2019,2547732,USA,Austin,Jamie Thomas,Cipher Pulse provides innovative solutions for modern businesses. Our platform helps companies streamline operations and drive growth. Trusted by teams worldwide.,SMB
s330,Bolt Code,https://bolt-code.io,530.9,217.7,cat6,E-commerce,2023,128543463,UK,Portland,Drew Brown,Bolt Code provides innovative solutions for modern businesses. Our platform helps companies streamline operations and drive growth. Trusted by teams worldwide.,SMB
s331,Prime Tech,https://prime-tech.io,496.2,176,cat6,E-commerce,2022,5296199,Netherlands,Chicago,Avery Jones,Prime Tech provides innovative solutions for modern businesses. Our platform helps companies streamline operations and drive growth. Trusted by teams worldwide.,Enterprise
s332,Spark Go,https://spark-go.io,555.8,189.5,cat6,E-commerce,2018,59967202,USA,New York,Finley Brown,Spark Go provides innovative solutions for modern businesses. Our platform helps companies streamline operations and drive growth. Trusted by teams worldwide.,Consumer
s333,Acme Stack,https://acme-stack.io,520.1,204.8,cat6,E-commerce,2017,1288110,Canada,London,Casey Rodriguez,Acme Stack provides innovative solutions for modern businesses. Our platform helps companies streamline operations and drive growth. Trusted by teams worldwide.,Consumer
s334,Apex Sync,https://apex-sync.io,491.6,191.3,cat6,E-commerce,2019,277686,USA,Singapore,Drew White,Apex Sync provides innovative solutions for modern businesses. Our platform helps companies streamline operations and drive growth. Trusted by teams worldwide.,SMB
s335,Atlas Unit,https://atlas-unit.io,520.6,215.2,cat6,E-commerce,2016,10607570,Canada,Boston,Robin Miller,Atlas Unit provides innovative solutions for modern businesses. Our platform helps companies streamline operations and drive growth. Trusted by teams worldwide.,SMB
s336,Vault Flow,https://vault-flow.io,201.4,142.8,cat7,Cybersecurity,2017,34785096,USA,Philadelphia,Sam Jackson,Vault Flow provides innovative solutions for modern businesses. Our platform helps companies streamline operations and drive growth. Trusted by teams worldwide.,Enterprise
s337,Core Grid,https://core-grid.io,214.4,215.4,cat7,Cybersecurity,2019,8995583,France,London,Chris Johnson,Core Grid provides innovative solutions for modern businesses. Our platform helps companies streamline operations and drive growth. Trusted by teams worldwide.,Consumer
s338,Stride AI,https://stride-ai.io,177.4,193,cat7,Cybersecurity,2020,72609551,USA,Los Angeles,Finley Williams,Stride AI provides innovative solutions for modern businesses. Our platform helps companies streamline operations and drive growth. Trusted by teams worldwide.,Developer
s339,Nova Unit,https://nova-unit.io,166.6,143.8,cat7,Cybersecurity,2021,82687398,USA,London,Quinn White,Nova Unit provides innovative solutions for modern businesses. Our platform helps companies streamline operations and drive growth. Trusted by teams worldwide.,Developer
s340,Prism Grid,https://prism-grid.io,193,198.7,cat7,Cybersecurity,2020,22020013,USA,Chicago,Morgan Thompson,Prism Grid provides innovative solutions for modern businesses. Our platform helps companies streamline operations and drive growth. Trusted by teams worldwide.,Enterprise
s341,Jade Vault,https://jade-vault.io,215.2,135.1,cat7,Cybersecurity,2019,10151610,Netherlands,Philadelphia,Jamie Anderson,Jade Vault provides innovative solutions for modern businesses. Our platform helps companies streamline operations and drive growth. Trusted by teams worldwide.,SMB
s342,Sync Beam,https://sync-beam.io,157.9,172.4,cat7,Cybersecurity,2023,1424851,France,Singapore,Morgan White,Sync Beam provides innovative solutions for modern businesses. Our platform helps companies streamline operations and drive growth. Trusted by teams worldwide.,Enterprise
s343,Mint Vault,https://mint-vault.io,195.5,158.8,cat7,Cybersecurity,2019,414139,USA,New York,Finley White,Mint Vault provides innovative solutions for modern businesses. Our platform helps companies streamline operations and drive growth. Trusted by teams worldwide.,Enterprise
s344,Nova IQ,https://nova-iq.io,197.8,170.4,cat7,Cybersecurity,2022,2095941,Australia,Austin,Sam Miller,Nova IQ provides innovative solutions for modern businesses. Our platform helps companies streamline operations and drive growth. Trusted by teams worldwide.,SMB
s345,Flow Grid,https://flow-grid.io,145.3,208.1,cat7,Cybersecurity,2019,5151878,USA,Philadelphia,Chris Anderson,Flow Grid provides innovative solutions for modern businesses. Our platform helps companies streamline operations and drive growth. Trusted by teams worldwide.,Developer
s346,Crest Net,https://crest-net.io,164.8,233.8,cat7,Cybersecurity,2016,458718,Germany,Paris,Morgan Davis,Crest Net provides innovative solutions for modern businesses. Our platform helps companies streamline operations and drive growth. Trusted by teams worldwide.,Consumer
s347,Prism Signal,https://prism-signal.io,150.7,180.7,cat7,Cybersecurity,2017,449842,USA,San Francisco,Cameron Anderson,Prism Signal provides innovative solutions for modern businesses. Our platform helps companies streamline operations and drive growth. Trusted by teams worldwide.,Consumer
s348,Spark Base,https://spark-base.io,191,181.2,cat7,Cybersecurity,2023,9040032,Canada,Portland,Drew Thomas,Spark Base provides innovative solutions for modern businesses. Our platform helps companies streamline operations and drive growth. Trusted by teams worldwide.,Consumer
s349,Luma Node,https://luma-node.io,187.7,191.7,cat7,Cybersecurity,2023,83884133,USA,Paris,Avery Thompson,Luma Node provides innovative solutions for modern businesses. Our platform helps companies streamline operations and drive growth. Trusted by teams worldwide.,Enterprise
s350,Xylo OS,https://xylo-os.io,149.9,150.3,cat7,Cybersecurity,2017,75539218,USA,Boston,Cameron Thompson,Xylo OS provides innovative solutions for modern businesses. Our platform helps companies streamline operations and drive growth. Trusted by teams worldwide.,Enterprise
s351,Forge Go,https://forge-go.io,195.1,164,cat7,Cybersecurity,2023,67930667,Netherlands,Amsterdam,Emery Brown,Forge Go provides innovative solutions for modern businesses. Our platform helps companies streamline operations and drive growth. Trusted by teams worldwide.,Consumer
s352,Glint Path,https://glint-path.io,182.2,224.7,cat7,Cybersecurity,2017,144811476,USA,New York,Riley Jackson,Glint Path provides innovative solutions for modern businesses. Our platform helps companies streamline operations and drive growth. Trusted by teams worldwide.,Enterprise
s353,Lattice Pro,https://lattice-pro.io,164.6,203.7,cat7,Cybersecurity,2018,10710163,Singapore,Boston,Robin Anderson,Lattice Pro provides innovative solutions for modern businesses. Our platform helps companies streamline operations and drive growth. Trusted by teams worldwide.,SMB
s354,Zephyr Scope,https://zephyr-scope.io,154.2,175.8,cat7,Cybersecurity,2021,31297635,Australia,San Francisco,Avery Smith,Zephyr Scope provides innovative solutions for modern businesses. Our platform helps companies streamline operations and drive growth. Trusted by teams worldwide.,Consumer
s355,Atlas Byte,https://atlas-byte.io,201,197.9,cat7,Cybersecurity,2021,63849904,Australia,Sydney,Avery Martinez,Atlas Byte provides innovative solutions for modern businesses. Our platform helps companies streamline operations and drive growth. Trusted by teams worldwide.,SMB
s356,Crest Wave,https://crest-wave.io,193.5,154.4,cat7,Cybersecurity,2023,633766,USA,San Diego,Robin Wilson,Crest Wave provides innovative solutions for modern businesses. Our platform helps companies streamline operations and drive growth. Trusted by teams worldwide.,Enterprise
s357,Tech Sync,https://tech-sync.io,247.3,184.9,cat7,Cybersecurity,2016,47929351,USA,Austin,Finley Jackson,Tech Sync provides innovative solutions for modern businesses. Our platform helps companies streamline operations and drive growth. Trusted by teams worldwide.,Consumer
s358,Lattice Beam,https://lattice-beam.io,222.1,150.3,cat7,Cybersecurity,2016,1893638,USA,Amsterdam,Chris Wilson,Lattice Beam provides innovative solutions for modern businesses. Our platform helps companies streamline operations and drive growth. Trusted by teams worldwide.,Developer
s359,Nova Quest,https://nova-quest.io,173.9,127.6,cat7,Cybersecurity,2020,78496539,Singapore,Singapore,Dakota Martin,Nova Quest provides innovative solutions for modern businesses. Our platform helps companies streamline operations and drive growth. Trusted by teams worldwide.,Enterprise
s360,Flow Rise,https://flow-rise.io,219.3,164.4,cat7,Cybersecurity,2017,137135100,Germany,New York,Chris Wilson,Flow Rise provides innovative solutions for modern businesses. Our platform helps companies streamline operations and drive growth. Trusted by teams worldwide.,SMB
s361,Prime Net,https://prime-net.io,218.1,128.1,cat7,Cybersecurity,2023,15221880,Australia,Austin,Emery Rodriguez,Prime Net provides innovative solutions for modern businesses. Our platform helps companies streamline operations and drive growth. Trusted by teams worldwide.,Developer
s362,Vertex Byte,https://vertex-byte.io,140.2,148.2,cat7,Cybersecurity,2020,20834513,USA,Amsterdam,Finley Thompson,Vertex Byte provides innovative solutions for modern businesses. Our platform helps companies streamline operations and drive growth. Trusted by teams worldwide.,SMB
s363,Glint Logic,https://glint-logic.io,132.2,199,cat7,Cybersecurity,2017,83110890,UK,Berlin,Cameron Jackson,Glint Logic provides innovative solutions for modern businesses. Our platform helps companies streamline operations and drive growth. Trusted by teams worldwide.,Enterprise
s364,Nova Yard,https://nova-yard.io,199.8,195.1,cat7,Cybersecurity,2023,20939011,USA,London,Jamie Taylor,Nova Yard provides innovative solutions for modern businesses. Our platform helps companies streamline operations and drive growth. Trusted by teams worldwide.,Consumer
s365,Ember Yard,https://ember-yard.io,230.8,191.4,cat7,Cybersecurity,2023,406674,USA,Atlanta,Blake Miller,Ember Yard provides innovative solutions for modern businesses. Our platform helps companies streamline operations and drive growth. Trusted by teams worldwide.,SMB
s366,Vector Data,https://vector-data.io,170.7,154,cat7,Cybersecurity,2016,9523221,USA,Sydney,Pat Moore,Vector Data provides innovative solutions for modern businesses. Our platform helps companies streamline operations and drive growth. Trusted by teams worldwide.,Developer
s367,Xylo Tech,https://xylo-tech.io,184.8,224.8,cat7,Cybersecurity,2020,36877099,USA,Singapore,Quinn Rodriguez,Xylo Tech provides innovative solutions for modern businesses. Our platform helps companies streamline operations and drive growth. Trusted by teams worldwide.,Developer
s368,Glint Code,https://glint-code.io,180,144.5,cat7,Cybersecurity,2019,32171580,France,Denver,Cameron Jones,Glint Code provides innovative solutions for modern businesses. Our platform helps companies streamline operations and drive growth. Trusted by teams worldwide.,Enterprise
s369,Haven Node,https://haven-node.io,128.9,142,cat7,Cybersecurity,2017,63756259,France,Austin,Taylor Martinez,Haven Node provides innovative solutions for modern businesses. Our platform helps companies streamline operations and drive growth. Trusted by teams worldwide.,SMB
s370,Iris 360,https://iris-360.io,174.2,200,cat7,Cybersecurity,2018,112495451,Singapore,Amsterdam,Blake Jackson,Iris 360 provides innovative solutions for modern businesses. Our platform helps companies streamline operations and drive growth. Trusted by teams worldwide.,Enterprise
s371,Data Yard,https://data-yard.io,187,197.2,cat7,Cybersecurity,2016,37098282,USA,Portland,Riley Thompson,Data Yard provides innovative solutions for modern businesses. Our platform helps companies streamline operations and drive growth. Trusted by teams worldwide.,Enterprise
s372,Nova Hub,https://nova-hub.io,157.3,254.1,cat7,Cybersecurity,2021,35623878,USA,Seattle,Riley White,Nova Hub provides innovative solutions for modern businesses. Our platform helps companies streamline operations and drive growth. Trusted by teams worldwide.,SMB
s373,Umbra Yard,https://umbra-yard.io,159.1,240.8,cat7,Cybersecurity,2019,74815865,Canada,Sydney,Cameron Lee,Umbra Yard provides innovative solutions for modern businesses. Our platform helps companies streamline operations and drive growth. Trusted by teams worldwide.,Enterprise
s374,Pulse Vault,https://pulse-vault.io,197.5,212.8,cat7,Cybersecurity,2020,9738082,USA,Sydney,Sam Moore,Pulse Vault provides innovative solutions for modern businesses. Our platform helps companies streamline operations and drive growth. Trusted by teams worldwide.,Consumer
s375,Quantum Net,https://quantum-net.io,147.5,219.1,cat7,Cybersecurity,2020,10446468,USA,Paris,Morgan Garcia,Quantum Net provides innovative solutions for modern businesses. Our platform helps companies streamline operations and drive growth. Trusted by teams worldwide.,SMB
s376,Smart Path,https://smart-path.io,179.8,204.1,cat7,Cybersecurity,2023,45343169,USA,Atlanta,Skyler Garcia,Smart Path provides innovative solutions for modern businesses. Our platform helps companies streamline operations and drive growth. Trusted by teams worldwide.,Consumer
s377,Crest Go,https://crest-go.io,207.7,200.4,cat7,Cybersecurity,2020,7475123,France,Paris,Jamie Thomas,Crest Go provides innovative solutions for modern businesses. Our platform helps companies streamline operations and drive growth. Trusted by teams worldwide.,Consumer
s378,Quantum Core,https://quantum-core.io,183.8,226.6,cat7,Cybersecurity,2017,515306,USA,San Diego,Emery Miller,Quantum Core provides innovative solutions for modern businesses. Our platform helps companies streamline operations and drive growth. Trusted by teams worldwide.,SMB
s379,Orbit Labs,https://orbit-labs.io,186.7,170.9,cat7,Cybersecurity,2021,29703422,Singapore,Seattle,Alex Taylor,Orbit Labs provides innovative solutions for modern businesses. Our platform helps companies streamline operations and drive growth. Trusted by teams worldwide.,Enterprise
s380,Zephyr Link,https://zephyr-link.io,214.2,197.5,cat7,Cybersecurity,2018,285799,Netherlands,San Diego,Jordan Johnson,Zephyr Link provides innovative solutions for modern businesses. Our platform helps companies streamline operations and drive growth. Trusted by teams worldwide.,Consumer
s381,Ember Lite,https://ember-lite.io,161.3,132,cat7,Cybersecurity,2016,492246,USA,San Diego,Chris Thomas,Ember Lite provides innovative solutions for modern businesses. Our platform helps companies streamline operations and drive growth. Trusted by teams worldwide.,Enterprise
s382,Echo Node,https://echo-node.io,169,188.9,cat7,Cybersecurity,2023,4925899,Germany,Tel Aviv,Avery Anderson,Echo Node provides innovative solutions for modern businesses. Our platform helps companies streamline operations and drive growth. Trusted by teams worldwide.,SMB
s383,Quantum Mesh,https://quantum-mesh.io,136.2,163.4,cat7,Cybersecurity,2021,5278642,USA,Sydney,Jamie Moore,Quantum Mesh provides innovative solutions for modern businesses. Our platform helps companies streamline operations and drive growth. Trusted by teams worldwide.,Enterprise
s384,Drift Base,https://drift-base.io,151.4,175.3,cat7,Cybersecurity,2023,9347248,USA,Miami,Sam Garcia,Drift Base provides innovative solutions for modern businesses. Our platform helps companies streamline operations and drive growth. Trusted by teams worldwide.,Consumer
s385,Helix IQ,https://helix-iq.io,193.1,176.6,cat7,Cybersecurity,2018,556365,Australia,Tel Aviv,Skyler Davis,Helix IQ provides innovative solutions for modern businesses. Our platform helps companies streamline operations and drive growth. Trusted by teams worldwide.,SMB
s386,Nova Grid,https://nova-grid.io,215.5,156.1,cat7,Cybersecurity,2020,16545040,France,New York,Casey Garcia,Nova Grid provides innovative solutions for modern businesses. Our platform helps companies streamline operations and drive growth. Trusted by teams worldwide.,SMB
s387,Haven Path,https://haven-path.io,147.2,142.1,cat7,Cybersecurity,2017,2496476,Israel,Los Angeles,Cameron Rodriguez,Haven Path provides innovative solutions for modern businesses. Our platform helps companies streamline operations and drive growth. Trusted by teams worldwide.,SMB
s388,Iris Forge,https://iris-forge.io,170,217.1,cat7,Cybersecurity,2020,83576987,USA,Seattle,Riley Martin,Iris Forge provides innovative solutions for modern businesses. Our platform helps companies streamline operations and drive growth. Trusted by teams worldwide.,Consumer
s389,Bolt AI,https://bolt-ai.io,188.7,189.7,cat7,Cybersecurity,2023,8797842,USA,Philadelphia,Jamie Wilson,Bolt AI provides innovative solutions for modern businesses. Our platform helps companies streamline operations and drive growth. Trusted by teams worldwide.,Developer
s390,Crest OS,https://crest-os.io,127.6,172.3,cat7,Cybersecurity,2023,6034534,Germany,Sydney,Avery Taylor,Crest OS provides innovative solutions for modern businesses. Our platform helps companies streamline operations and drive growth. Trusted by teams worldwide.,SMB
s391,Kite Tide,https://kite-tide.io,729,550.9,cat8,PropTech,2019,1065289,USA,Berlin,Casey Wilson,Kite Tide provides innovative solutions for modern businesses. Our platform helps companies streamline operations and drive growth. Trusted by teams worldwide.,Developer
s392,Haven X,https://haven-x.io,715.3,597,cat8,PropTech,2021,35042479,USA,Berlin,Pat Johnson,Haven X provides innovative solutions for modern businesses. Our platform helps companies streamline operations and drive growth. Trusted by teams worldwide.,Consumer
s393,Atlas Scope,https://atlas-scope.io,692.6,593.4,cat8,PropTech,2016,448611,USA,Tel Aviv,Blake White,Atlas Scope provides innovative solutions for modern businesses. Our platform helps companies streamline operations and drive growth. Trusted by teams worldwide.,Consumer
s394,Stride Yard,https://stride-yard.io,700.5,551.7,cat8,PropTech,2020,1511055,UK,Boston,Avery Jones,Stride Yard provides innovative solutions for modern businesses. Our platform helps companies streamline operations and drive growth. Trusted by teams worldwide.,Developer
s395,Pulse Logic,https://pulse-logic.io,727.2,583.7,cat8,PropTech,2019,18750407,Netherlands,Los Angeles,Avery Jones,Pulse Logic provides innovative solutions for modern businesses. Our platform helps companies streamline operations and drive growth. Trusted by teams worldwide.,Consumer
s396,Kite Pro,https://kite-pro.io,691.7,570.7,cat8,PropTech,2023,16655622,UK,Tel Aviv,Casey Miller,Kite Pro provides innovative solutions for modern businesses. Our platform helps companies streamline operations and drive growth. Trusted by teams worldwide.,Enterprise
s397,Iris Logic,https://iris-logic.io,741.7,573.4,cat8,PropTech,2016,10507358,USA,London,Sam Jackson,Iris Logic provides innovative solutions for modern businesses. Our platform helps companies streamline operations and drive growth. Trusted by teams worldwide.,Developer
s398,Kite Stack,https://kite-stack.io,741.6,544.3,cat8,PropTech,2022,692635,USA,Berlin,Blake Jackson,Kite Stack provides innovative solutions for modern businesses. Our platform helps companies streamline operations and drive growth. Trusted by teams worldwide.,SMB
s399,Atlas IQ,https://atlas-iq.io,754.6,505.8,cat8,PropTech,2016,83142066,USA,Los Angeles,Taylor Thompson,Atlas IQ provides innovative solutions for modern businesses. Our platform helps companies streamline operations and drive growth. Trusted by teams worldwide.,Developer
s400,Apex Signal,https://apex-signal.io,731.1,562.7,cat8,PropTech,2018,174781628,USA,Austin,Alex Brown,Apex Signal provides innovative solutions for modern businesses. Our platform helps companies streamline operations and drive growth. Trusted by teams worldwide.,Consumer
s401,Lattice Labs,https://lattice-labs.io,728.1,586.4,cat8,PropTech,2020,583882,UK,Philadelphia,Dakota Taylor,Lattice Labs provides innovative solutions for modern businesses. Our platform helps companies streamline operations and drive growth. Trusted by teams worldwide.,Developer
s402,Vault View,https://vault-view.io,723,604.7,cat8,PropTech,2018,7498910,USA,Atlanta,Blake Martin,Vault View provides innovative solutions for modern businesses. Our platform helps companies streamline operations and drive growth. Trusted by teams worldwide.,Enterprise
s403,Iris Mesh,https://iris-mesh.io,762.2,491.8,cat8,PropTech,2019,87926947,USA,New York,Pat Anderson,Iris Mesh provides innovative solutions for modern businesses. Our platform helps companies streamline operations and drive growth. Trusted by teams worldwide.,Consumer
s404,Flux Pro,https://flux-pro.io,716.7,585.4,cat8,PropTech,2023,4550584,USA,Amsterdam,Finley Davis,Flux Pro provides innovative solutions for modern businesses. Our platform helps companies streamline operations and drive growth. Trusted by teams worldwide.,Developer
s405,Echo Byte,https://echo-byte.io,681,558.7,cat8,PropTech,2022,15165413,Australia,Singapore,Cameron Rodriguez,Echo Byte provides innovative solutions for modern businesses. Our platform helps companies streamline operations and drive growth. Trusted by teams worldwide.,SMB
s406,Meridian Logic,https://meridian-logic.io,694,588.4,cat8,PropTech,2019,505295,Australia,Tel Aviv,Quinn Jackson,Meridian Logic provides innovative solutions for modern businesses. Our platform helps companies streamline operations and drive growth. Trusted by teams worldwide.,Enterprise
s407,Forge Net,https://forge-net.io,716.7,577.9,cat8,PropTech,2018,11160278,Canada,Berlin,Robin Williams,Forge Net provides innovative solutions for modern businesses. Our platform helps companies streamline operations and drive growth. Trusted by teams worldwide.,SMB
s408,Iris Yard,https://iris-yard.io,648.5,557.9,cat8,PropTech,2019,218264711,Singapore,New York,Finley Thomas,Iris Yard provides innovative solutions for modern businesses. Our platform helps companies streamline operations and drive growth. Trusted by teams worldwide.,Enterprise
s409,Crest AI,https://crest-ai.io,739.3,615.2,cat8,PropTech,2021,326901,Singapore,Portland,Casey Rodriguez,Crest AI provides innovative solutions for modern businesses. Our platform helps companies streamline operations and drive growth. Trusted by teams worldwide.,Developer
s410,Zenith Cloud,https://zenith-cloud.io,747.8,595.5,cat8,PropTech,2018,76277256,USA,San Diego,Emery Martin,Zenith Cloud provides innovative solutions for modern businesses. Our platform helps companies streamline operations and drive growth. Trusted by teams worldwide.,SMB
s411,Kite Go,https://kite-go.io,730.1,608,cat8,PropTech,2021,68139480,Singapore,Seattle,Skyler Jones,Kite Go provides innovative solutions for modern businesses. Our platform helps companies streamline operations and drive growth. Trusted by teams worldwide.,Developer
s412,Stride Base,https://stride-base.io,703.5,550.7,cat8,PropTech,2019,8693915,Australia,London,Drew Davis,Stride Base provides innovative solutions for modern businesses. Our platform helps companies streamline operations and drive growth. Trusted by teams worldwide.,Enterprise
s413,Zephyr Yard,https://zephyr-yard.io,702.1,500.2,cat8,PropTech,2019,38380469,Singapore,Los Angeles,Jamie Wilson,Zephyr Yard provides innovative solutions for modern businesses. Our platform helps companies streamline operations and drive growth. Trusted by teams worldwide.,Enterprise
s414,Vector Link,https://vector-link.io,753.1,546.4,cat8,PropTech,2022,75801871,Australia,Atlanta,Blake Johnson,Vector Link provides innovative solutions for modern businesses. Our platform helps companies streamline operations and drive growth. Trusted by teams worldwide.,Consumer
s415,Jade Lite,https://jade-lite.io,723.1,532.2,cat8,PropTech,2018,39578016,USA,Austin,Drew Anderson,Jade Lite provides innovative solutions for modern businesses. Our platform helps companies streamline operations and drive growth. Trusted by teams worldwide.,SMB
s416,Forge Scope,https://forge-scope.io,740.6,559.3,cat8,PropTech,2017,118768048,Australia,Portland,Avery Thompson,Forge Scope provides innovative solutions for modern businesses. Our platform helps companies streamline operations and drive growth. Trusted by teams worldwide.,Consumer
s417,Prism 360,https://prism-360.io,722.7,566.1,cat8,PropTech,2022,109806921,Australia,London,Cameron Taylor,Prism 360 provides innovative solutions for modern businesses. Our platform helps companies streamline operations and drive growth. Trusted by teams worldwide.,Consumer
s418,Lattice Forge,https://lattice-forge.io,771.1,584.9,cat8,PropTech,2016,93670749,Germany,Boston,Casey Jackson,Lattice Forge provides innovative solutions for modern businesses. Our platform helps companies streamline operations and drive growth. Trusted by teams worldwide.,Consumer
s419,Crest Unit,https://crest-unit.io,716.1,607.2,cat8,PropTech,2022,5770624,Germany,Austin,Chris Rodriguez,Crest Unit provides innovative solutions for modern businesses. Our platform helps companies streamline operations and drive growth. Trusted by teams worldwide.,Enterprise
s420,Echo Tech,https://echo-tech.io,718.2,596.4,cat8,PropTech,2020,5991092,Netherlands,New York,Alex Brown,Echo Tech provides innovative solutions for modern businesses. Our platform helps companies streamline operations and drive growth. Trusted by teams worldwide.,Developer
s421,Nexus AI,https://nexus-ai.io,679.6,593.7,cat8,PropTech,2016,5119538,USA,Miami,Riley Thomas,Nexus AI provides innovative solutions for modern businesses. Our platform helps companies streamline operations and drive growth. Trusted by teams worldwide.,Enterprise
s422,Cipher Stack,https://cipher-stack.io,745.6,569.3,cat8,PropTech,2017,708768,UK,Seattle,Dakota Brown,Cipher Stack provides innovative solutions for modern businesses. Our platform helps companies streamline operations and drive growth. Trusted by teams worldwide.,Developer
s423,Prism AI,https://prism-ai.io,716.5,549.4,cat8,PropTech,2023,454158,USA,Paris,Quinn Anderson,Prism AI provides innovative solutions for modern businesses. Our platform helps companies streamline operations and drive growth. Trusted by teams worldwide.,Developer
s424,Luma Net,https://luma-net.io,724.3,572.3,cat8,PropTech,2020,139266141,USA,San Diego,Chris Jones,Luma Net provides innovative solutions for modern businesses. Our platform helps companies streamline operations and drive growth. Trusted by teams worldwide.,Enterprise
s425,Crest Grid,https://crest-grid.io,668.2,583.3,cat8,PropTech,2021,524632,USA,Berlin,Sam Rodriguez,Crest Grid provides innovative solutions for modern businesses. Our platform helps companies streamline operations and drive growth. Trusted by teams worldwide.,Developer
s426,Zephyr Code,https://zephyr-code.io,701.6,583.3,cat8,PropTech,2016,283229,Germany,Tel Aviv,Cameron Martinez,Zephyr Code provides innovative solutions for modern businesses. Our platform helps companies streamline operations and drive growth. Trusted by teams worldwide.,SMB
s427,Nova Port,https://nova-port.io,681.6,593.8,cat8,PropTech,2022,30171731,Germany,Sydney,Sam Williams,Nova Port provides innovative solutions for modern businesses. Our platform helps companies streamline operations and drive growth. Trusted by teams worldwide.,Developer
s428,Meridian Tide,https://meridian-tide.io,772.5,589.8,cat8,PropTech,2022,1009136,Australia,San Francisco,Blake Johnson,Meridian Tide provides innovative solutions for modern businesses. Our platform helps companies streamline operations and drive growth. Trusted by teams worldwide.,Developer
s429,Quantum Base,https://quantum-base.io,660,538.7,cat8,PropTech,2019,6139134,Canada,Atlanta,Blake Lee,Quantum Base provides innovative solutions for modern businesses. Our platform helps companies streamline operations and drive growth. Trusted by teams worldwide.,Consumer
s430,Mint Node,https://mint-node.io,692.2,549.4,cat8,PropTech,2019,18950834,Netherlands,Sydney,Robin Brown,Mint Node provides innovative solutions for modern businesses. Our platform helps companies streamline operations and drive growth. Trusted by teams worldwide.,Enterprise
s431,Lens Zone,https://lens-zone.io,753.5,563.8,cat8,PropTech,2021,17130727,USA,Paris,Drew Martin,Lens Zone provides innovative solutions for modern businesses. Our platform helps companies streamline operations and drive growth. Trusted by teams worldwide.,Consumer
s432,Kite Hub,https://kite-hub.io,742.1,559,cat8,PropTech,2022,8868435,Singapore,New York,Chris Brown,Kite Hub provides innovative solutions for modern businesses. Our platform helps companies streamline operations and drive growth. Trusted by teams worldwide.,SMB
s433,Jade Bridge,https://jade-bridge.io,739,575.9,cat8,PropTech,2022,583519,Australia,Portland,Alex Taylor,Jade Bridge provides innovative solutions for modern businesses. Our platform helps companies streamline operations and drive growth. Trusted by teams worldwide.,Consumer
s434,Pulse Yard,https://pulse-yard.io,724.8,583.2,cat8,PropTech,2021,155386384,USA,Seattle,Drew Martin,Pulse Yard provides innovative solutions for modern businesses. Our platform helps companies streamline operations and drive growth. Trusted by teams worldwide.,Consumer
s435,Drift X,https://drift-x.io,756.2,571.6,cat8,PropTech,2022,32947518,USA,Singapore,Pat Martin,Drift X provides innovative solutions for modern businesses. Our platform helps companies streamline operations and drive growth. Trusted by teams worldwide.,SMB
s436,Cipher Quest,https://cipher-quest.io,761.4,592.1,cat8,PropTech,2023,2031443,Singapore,Sydney,Dakota Martinez,Cipher Quest provides innovative solutions for modern businesses. Our platform helps companies streamline operations and drive growth. Trusted by teams worldwide.,Consumer
s437,Nexus Labs,https://nexus-labs.io,692.6,579.4,cat8,PropTech,2017,39798123,Singapore,New York,Dakota Wilson,Nexus Labs provides innovative solutions for modern businesses. Our platform helps companies streamline operations and drive growth. Trusted by teams worldwide.,Consumer
s438,Spark Path,https://spark-path.io,743.9,592.4,cat8,PropTech,2022,420797,USA,Chicago,Quinn Thompson,Spark Path provides innovative solutions for modern businesses. Our platform helps companies streamline operations and drive growth. Trusted by teams worldwide.,SMB
s439,Mint Beam,https://mint-beam.io,703.3,581.2,cat8,PropTech,2020,1771746,Singapore,Denver,Skyler Jackson,Mint Beam provides innovative solutions for modern businesses. Our platform helps companies streamline operations and drive growth. Trusted by teams worldwide.,Enterprise
s440,Terra Pulse,https://terra-pulse.io,736.7,544,cat8,PropTech,2022,7742280,Israel,Berlin,Emery Martin,Terra Pulse provides innovative solutions for modern businesses. Our platform helps companies streamline operations and drive growth. Trusted by teams worldwide.,Enterprise
s441,Cipher Wise,https://cipher-wise.io,729.2,525.3,cat8,PropTech,2023,383713,Netherlands,Boston,Quinn Garcia,Cipher Wise provides innovative solutions for modern businesses. Our platform helps companies streamline operations and drive growth. Trusted by teams worldwide.,SMB
s442,Nexus Data,https://nexus-data.io,716.2,579.8,cat8,PropTech,2023,26030764,USA,Amsterdam,Riley Thompson,Nexus Data provides innovative solutions for modern businesses. Our platform helps companies streamline operations and drive growth. Trusted by teams worldwide.,SMB
s443,Prime X,https://prime-x.io,735.4,590.1,cat8,PropTech,2021,10163589,USA,Austin,Drew Williams,Prime X provides innovative solutions for modern businesses. Our platform helps companies streamline operations and drive growth. Trusted by teams worldwide.,Consumer
s444,Terra Rise,https://terra-rise.io,667.9,511.3,cat8,PropTech,2019,558568,USA,Austin,Cameron Smith,Terra Rise provides innovative solutions for modern businesses. Our platform helps companies streamline operations and drive growth. Trusted by teams worldwide.,SMB
s445,Helix Logic,https://helix-logic.io,733.4,539.7,cat8,PropTech,2020,1030746,USA,Miami,Blake Lee,Helix Logic provides innovative solutions for modern businesses. Our platform helps companies streamline operations and drive growth. Trusted by teams worldwide.,Consumer
s446,Lens Base,https://lens-base.io,443.6,514.1,cat9,DevTools,2019,2621570,USA,San Diego,Casey Martin,Lens Base provides innovative solutions for modern businesses. Our platform helps companies streamline operations and drive growth. Trusted by teams worldwide.,SMB
s447,Haven Byte,https://haven-byte.io,386.9,481.3,cat9,DevTools,2020,1428209,Netherlands,Berlin,Casey Martin,Haven Byte provides innovative solutions for modern businesses. Our platform helps companies streamline operations and drive growth. Trusted by teams worldwide.,Consumer
s448,Flow Base,https://flow-base.io,431.4,515.9,cat9,DevTools,2021,177003728,Germany,Amsterdam,Avery Smith,Flow Base provides innovative solutions for modern businesses. Our platform helps companies streamline operations and drive growth. Trusted by teams worldwide.,Developer
s449,Meridian Labs,https://meridian-labs.io,437.9,517.6,cat9,DevTools,2021,5618594,USA,Amsterdam,Cameron Wilson,Meridian Labs provides innovative solutions for modern businesses. Our platform helps companies streamline operations and drive growth. Trusted by teams worldwide.,Developer
s450,Quantum Zone,https://quantum-zone.io,401.7,491.3,cat9,DevTools,2016,65750959,USA,Portland,Casey Wilson,Quantum Zone provides innovative solutions for modern businesses. Our platform helps companies streamline operations and drive growth. Trusted by teams worldwide.,SMB
s451,Cipher Mesh,https://cipher-mesh.io,428.7,495.4,cat9,DevTools,2019,265934,USA,Sydney,Avery Wilson,Cipher Mesh provides innovative solutions for modern businesses. Our platform helps companies streamline operations and drive growth. Trusted by teams worldwide.,Developer
s452,Stride Now,https://stride-now.io,381.8,471.5,cat9,DevTools,2022,1252280,USA,San Diego,Morgan White,Stride Now provides innovative solutions for modern businesses. Our platform helps companies streamline operations and drive growth. Trusted by teams worldwide.,Enterprise
s453,Spark Byte,https://spark-byte.io,442.8,502.8,cat9,DevTools,2018,269713,USA,Amsterdam,Emery Wilson,Spark Byte provides innovative solutions for modern businesses. Our platform helps companies streamline operations and drive growth. Trusted by teams worldwide.,Enterprise
s454,Xylo Labs,https://xylo-labs.io,440.6,496.2,cat9,DevTools,2016,64052148,USA,Boston,Riley Thomas,Xylo Labs provides innovative solutions for modern businesses. Our platform helps companies streamline operations and drive growth. Trusted by teams worldwide.,Developer
s455,Quantum Code,https://quantum-code.io,419.6,487.6,cat9,DevTools,2019,8707203,UK,Paris,Chris Jackson,Quantum Code provides innovative solutions for modern businesses. Our platform helps companies streamline operations and drive growth. Trusted by teams worldwide.,Consumer
s456,Vault One,https://vault-one.io,439.6,470.7,cat9,DevTools,2019,143646258,Netherlands,Sydney,Alex Jones,Vault One provides innovative solutions for modern businesses. Our platform helps companies streamline operations and drive growth. Trusted by teams worldwide.,SMB
s457,Ember View,https://ember-view.io,461.4,521.5,cat9,DevTools,2019,14829046,Israel,Los Angeles,Chris Jackson,Ember View provides innovative solutions for modern businesses. Our platform helps companies streamline operations and drive growth. Trusted by teams worldwide.,Developer
s458,Nexus Unit,https://nexus-unit.io,416.8,476.2,cat9,DevTools,2018,10278055,France,Paris,Cameron Johnson,Nexus Unit provides innovative solutions for modern businesses. Our platform helps companies streamline operations and drive growth. Trusted by teams worldwide.,Enterprise
s459,Sync One,https://sync-one.io,397.1,444.2,cat9,DevTools,2023,9506684,Australia,Seattle,Quinn Moore,Sync One provides innovative solutions for modern businesses. Our platform helps companies streamline operations and drive growth. Trusted by teams worldwide.,SMB
s460,Vault Node,https://vault-node.io,394.5,477.9,cat9,DevTools,2022,1701097,USA,Amsterdam,Drew Williams,Vault Node provides innovative solutions for modern businesses. Our platform helps companies streamline operations and drive growth. Trusted by teams worldwide.,SMB
s461,Vertex View,https://vertex-view.io,440.2,618,cat9,DevTools,2023,63253776,USA,Amsterdam,Skyler Thompson,Vertex View provides innovative solutions for modern businesses. Our platform helps companies streamline operations and drive growth. Trusted by teams worldwide.,Enterprise
s462,Nexus Cloud,https://nexus-cloud.io,431.8,538.6,cat9,DevTools,2022,72611988,USA,Portland,Dakota Jones,Nexus Cloud provides innovative solutions for modern businesses. Our platform helps companies streamline operations and drive growth. Trusted by teams worldwide.,Enterprise
s463,Spark Edge,https://spark-edge.io,420.3,474.4,cat9,DevTools,2019,2468282,USA,Los Angeles,Sam Thomas,Spark Edge provides innovative solutions for modern businesses. Our platform helps companies streamline operations and drive growth. Trusted by teams worldwide.,Consumer
s464,Flow Core,https://flow-core.io,423.2,483.2,cat9,DevTools,2019,47684698,Germany,Paris,Morgan Jackson,Flow Core provides innovative solutions for modern businesses. Our platform helps companies streamline operations and drive growth. Trusted by teams worldwide.,Developer
s465,Umbra AI,https://umbra-ai.io,422.2,533.6,cat9,DevTools,2016,2094394,Singapore,Toronto,Skyler Rodriguez,Umbra AI provides innovative solutions for modern businesses. Our platform helps companies streamline operations and drive growth. Trusted by teams worldwide.,SMB
s466,Echo Wave,https://echo-wave.io,446.4,510,cat9,DevTools,2020,2170487,Netherlands,Paris,Skyler Martinez,Echo Wave provides innovative solutions for modern businesses. Our platform helps companies streamline operations and drive growth. Trusted by teams worldwide.,Developer
s467,Mint Pro,https://mint-pro.io,475.9,488.2,cat9,DevTools,2021,84776893,USA,Amsterdam,Jamie Lee,Mint Pro provides innovative solutions for modern businesses. Our platform helps companies streamline operations and drive growth. Trusted by teams worldwide.,Enterprise
s468,Stride Quest,https://stride-quest.io,450.2,518.1,cat9,DevTools,2017,45097731,Netherlands,Philadelphia,Emery Martin,Stride Quest provides innovative solutions for modern businesses. Our platform helps companies streamline operations and drive growth. Trusted by teams worldwide.,Developer
s469,Nexus Yard,https://nexus-yard.io,404.9,507.5,cat9,DevTools,2018,198564406,USA,Austin,Dakota Thompson,Nexus Yard provides innovative solutions for modern businesses. Our platform helps companies streamline operations and drive growth. Trusted by teams worldwide.,Developer
s470,Prime AI,https://prime-ai.io,462.1,487.4,cat9,DevTools,2022,119930872,UK,Los Angeles,Jordan Martin,Prime AI provides innovative solutions for modern businesses. Our platform helps companies streamline operations and drive growth. Trusted by teams worldwide.,Developer
s471,Yield Labs,https://yield-labs.io,390,535.7,cat9,DevTools,2023,2032919,Canada,Boston,Quinn Brown,Yield Labs provides innovative solutions for modern businesses. Our platform helps companies streamline operations and drive growth. Trusted by teams worldwide.,Developer
s472,Iris View,https://iris-view.io,408.7,478.6,cat9,DevTools,2017,9348763,Israel,Toronto,Dakota Martinez,Iris View provides innovative solutions for modern businesses. Our platform helps companies streamline operations and drive growth. Trusted by teams worldwide.,Developer
s473,Kite Now,https://kite-now.io,494.4,469,cat9,DevTools,2017,173839049,Netherlands,Singapore,Jordan Jones,Kite Now provides innovative solutions for modern businesses. Our platform helps companies streamline operations and drive growth. Trusted by teams worldwide.,Enterprise
s474,Haven Data,https://haven-data.io,407.4,470,cat9,DevTools,2019,11373831,USA,Chicago,Blake Taylor,Haven Data provides innovative solutions for modern businesses. Our platform helps companies streamline operations and drive growth. Trusted by teams worldwide.,Enterprise
s475,Nova AI,https://nova-ai.io,461.3,509.2,cat9,DevTools,2019,28432081,Australia,Toronto,Robin Rodriguez,Nova AI provides innovative solutions for modern businesses. Our platform helps companies streamline operations and drive growth. Trusted by teams worldwide.,Enterprise
s476,Forge Code,https://forge-code.io,406.9,499.9,cat9,DevTools,2017,6719586,Australia,Seattle,Skyler Martinez,Forge Code provides innovative solutions for modern businesses. Our platform helps companies streamline operations and drive growth. Trusted by teams worldwide.,SMB
s477,Nova Flow,https://nova-flow.io,440.8,454,cat9,DevTools,2022,376618,Germany,New York,Taylor Jones,Nova Flow provides innovative solutions for modern businesses. Our platform helps companies streamline operations and drive growth. Trusted by teams worldwide.,Enterprise
s478,Mint Port,https://mint-port.io,434.9,560.2,cat9,DevTools,2022,266712,USA,Boston,Robin Jackson,Mint Port provides innovative solutions for modern businesses. Our platform helps companies streamline operations and drive growth. Trusted by teams worldwide.,Developer
s479,Drift Port,https://drift-port.io,447.4,520.4,cat9,DevTools,2016,272541,USA,London,Pat Moore,Drift Port provides innovative solutions for modern businesses. Our platform helps companies streamline operations and drive growth. Trusted by teams worldwide.,Enterprise
s480,Sync Vault,https://sync-vault.io,413,482.9,cat9,DevTools,2020,36264074,Australia,Tel Aviv,Blake Brown,Sync Vault provides innovative solutions for modern businesses. Our platform helps companies streamline operations and drive growth. Trusted by teams worldwide.,Consumer
s481,Data Wave,https://data-wave.io,411.5,546.4,cat9,DevTools,2016,2105955,USA,Denver,Taylor Anderson,Data Wave provides innovative solutions for modern businesses. Our platform helps companies streamline operations and drive growth. Trusted by teams worldwide.,Consumer
s482,Prism Path,https://prism-path.io,417,484.2,cat9,DevTools,2017,2085806,Canada,Portland,Casey Taylor,Prism Path provides innovative solutions for modern businesses. Our platform helps companies streamline operations and drive growth. Trusted by teams worldwide.,SMB
s483,Cloud Bridge,https://cloud-bridge.io,430.7,475.7,cat9,DevTools,2017,4174029,USA,Los Angeles,Finley Jones,Cloud Bridge provides innovative solutions for modern businesses. Our platform helps companies streamline operations and drive growth. Trusted by teams worldwide.,SMB
s484,Warp Cloud,https://warp-cloud.io,385.9,551.1,cat9,DevTools,2017,5324300,USA,Chicago,Chris Davis,Warp Cloud provides innovative solutions for modern businesses. Our platform helps companies streamline operations and drive growth. Trusted by teams worldwide.,Consumer
s485,Flux Wise,https://flux-wise.io,404.2,537.8,cat9,DevTools,2020,316472,UK,Amsterdam,Alex Johnson,Flux Wise provides innovative solutions for modern businesses. Our platform helps companies streamline operations and drive growth. Trusted by teams worldwide.,Consumer
s486,Zephyr Plus,https://zephyr-plus.io,437.2,502.9,cat9,DevTools,2021,655674,UK,Chicago,Blake Johnson,Zephyr Plus provides innovative solutions for modern businesses. Our platform helps companies streamline operations and drive growth. Trusted by teams worldwide.,Consumer
s487,Spark Unit,https://spark-unit.io,454.1,515.3,cat9,DevTools,2022,31623800,USA,Singapore,Jordan White,Spark Unit provides innovative solutions for modern businesses. Our platform helps companies streamline operations and drive growth. Trusted by teams worldwide.,SMB
s488,Ember Nexus,https://ember-nexus.io,379.6,489.5,cat9,DevTools,2016,37229524,Israel,San Diego,Finley Brown,Ember Nexus provides innovative solutions for modern businesses. Our platform helps companies streamline operations and drive growth. Trusted by teams worldwide.,Developer
s489,Flux Vault,https://flux-vault.io,423.5,499.3,cat9,DevTools,2022,677049,USA,San Diego,Casey Martin,Flux Vault provides innovative solutions for modern businesses. Our platform helps companies streamline operations and drive growth. Trusted by teams worldwide.,SMB
s490,Mint Scope,https://mint-scope.io,333.9,527.3,cat9,DevTools,2017,11696955,UK,Miami,Jamie Jones,Mint Scope provides innovative solutions for modern businesses. Our platform helps companies streamline operations and drive growth. Trusted by teams worldwide.,Consumer
s491,Jade Stack,https://jade-stack.io,393,536.9,cat9,DevTools,2020,211837516,France,Portland,Cameron Anderson,Jade Stack provides innovative solutions for modern businesses. Our platform helps companies streamline operations and drive growth. Trusted by teams worldwide.,Enterprise
s492,Cloud Code,https://cloud-code.io,409.7,537.5,cat9,DevTools,2016,85947418,UK,Sydney,Dakota Thomas,Cloud Code provides innovative solutions for modern businesses. Our platform helps companies streamline operations and drive growth. Trusted by teams worldwide.,Consumer
s493,Luma Cloud,https://luma-cloud.io,437.8,540,cat9,DevTools,2018,76965123,Netherlands,Denver,Drew Martin,Luma Cloud provides innovative solutions for modern businesses. Our platform helps companies streamline operations and drive growth. Trusted by teams worldwide.,Developer
s494,Iris X,https://iris-x.io,431.3,530.2,cat9,DevTools,2022,37948217,USA,Amsterdam,Blake Moore,Iris X provides innovative solutions for modern businesses. Our platform helps companies streamline operations and drive growth. Trusted by teams worldwide.,Enterprise
s495,Zephyr OS,https://zephyr-os.io,447.3,493.6,cat9,DevTools,2022,15274049,USA,Sydney,Emery Brown,Zephyr OS provides innovative solutions for modern businesses. Our platform helps companies streamline operations and drive growth. Trusted by teams worldwide.,Enterprise
s496,Flow Wave,https://flow-wave.io,370.2,541.3,cat9,DevTools,2016,2634365,Germany,Chicago,Taylor Johnson,Flow Wave provides innovative solutions for modern businesses. Our platform helps companies streamline operations and drive growth. Trusted by teams worldwide.,Consumer
s497,Mint OS,https://mint-os.io,473.6,519.1,cat9,DevTools,2022,78489065,USA,Amsterdam,Casey Moore,Mint OS provides innovative solutions for modern businesses. Our platform helps companies streamline operations and drive growth. Trusted by teams worldwide.,Enterprise
s498,Zenith Flow,https://zenith-flow.io,435.2,486,cat9,DevTools,2016,138360835,France,Philadelphia,Chris Garcia,Zenith Flow provides innovative solutions for modern businesses. Our platform helps companies streamline operations and drive growth. Trusted by teams worldwide.,Consumer
s499,Apex Rise,https://apex-rise.io,411.5,539.3,cat9,DevTools,2020,1547168,Israel,Tel Aviv,Emery Moore,Apex Rise provides innovative solutions for modern businesses. Our platform helps companies streamline operations and drive growth. Trusted by teams worldwide.,SMB
s500,Spark OS,https://spark-os.io,413.6,516.6,cat9,DevTools,2019,542178,Germany,Berlin,Alex Anderson,Spark OS provides innovative solutions for modern businesses. Our platform helps companies streamline operations and drive growth. Trusted by teams worldwide.,Developer
s501,Echo Zone,https://echo-zone.io,605.4,609.6,cat10,ClimateTech,2020,2368959,Germany,Singapore,Jordan Thompson,Echo Zone provides innovative solutions for modern businesses. Our platform helps companies streamline operations and drive growth. Trusted by teams worldwide.,SMB
s502,Echo Logic,https://echo-logic.io,573.7,597.1,cat10,ClimateTech,2021,2895829,USA,Denver,Alex Jones,Echo Logic provides innovative solutions for modern businesses. Our platform helps companies streamline operations and drive growth. Trusted by teams worldwide.,Enterprise
s503,Umbra Forge,https://umbra-forge.io,568.6,603.3,cat10,ClimateTech,2020,24725751,USA,Los Angeles,Jamie Martin,Umbra Forge provides innovative solutions for modern businesses. Our platform helps companies streamline operations and drive growth. Trusted by teams worldwide.,SMB
s504,Cloud Scope,https://cloud-scope.io,546.9,642.9,cat10,ClimateTech,2023,747784,France,New York,Skyler Thomas,Cloud Scope provides innovative solutions for modern businesses. Our platform helps companies streamline operations and drive growth. Trusted by teams worldwide.,Enterprise
s505,Acme Flow,https://acme-flow.io,605.3,606.7,cat10,ClimateTech,2020,125068768,Singapore,San Francisco,Cameron Wilson,Acme Flow provides innovative solutions for modern businesses. Our platform helps companies streamline operations and drive growth. Trusted by teams worldwide.,Enterprise
s506,Drift Scope,https://drift-scope.io,600.3,586.5,cat10,ClimateTech,2018,30142565,Singapore,Atlanta,Taylor Smith,Drift Scope provides innovative solutions for modern businesses. Our platform helps companies streamline operations and drive growth. Trusted by teams worldwide.,Enterprise
s507,Flux Yard,https://flux-yard.io,632.3,602.1,cat10,ClimateTech,2023,168769824,USA,Miami,Dakota Williams,Flux Yard provides innovative solutions for modern businesses. Our platform helps companies streamline operations and drive growth. Trusted by teams worldwide.,Enterprise
s508,Zephyr X,https://zephyr-x.io,607.5,572.3,cat10,ClimateTech,2020,220645661,USA,Sydney,Morgan Brown,Zephyr X provides innovative solutions for modern businesses. Our platform helps companies streamline operations and drive growth. Trusted by teams worldwide.,Consumer
s509,Apex Plus,https://apex-plus.io,639.3,593.1,cat10,ClimateTech,2018,2930597,USA,Sydney,Blake Martin,Apex Plus provides innovative solutions for modern businesses. Our platform helps companies streamline operations and drive growth. Trusted by teams worldwide.,Enterprise
s510,Haven Plus,https://haven-plus.io,640.3,603.2,cat10,ClimateTech,2019,75468954,USA,Los Angeles,Chris Lee,Haven Plus provides innovative solutions for modern businesses. Our platform helps companies streamline operations and drive growth. Trusted by teams worldwide.,Consumer
s511,Data Bridge,https://data-bridge.io,633.8,582.1,cat10,ClimateTech,2023,2095537,UK,San Diego,Emery Martinez,Data Bridge provides innovative solutions for modern businesses. Our platform helps companies streamline operations and drive growth. Trusted by teams worldwide.,Developer
s512,Nova Link,https://nova-link.io,568.1,620.4,cat10,ClimateTech,2021,18652937,USA,Los Angeles,Casey Davis,Nova Link provides innovative solutions for modern businesses. Our platform helps companies streamline operations and drive growth. Trusted by teams worldwide.,Consumer
s513,Meridian Now,https://meridian-now.io,579.1,652.1,cat10,ClimateTech,2019,8706295,USA,Philadelphia,Alex Brown,Meridian Now provides innovative solutions for modern businesses. Our platform helps companies streamline operations and drive growth. Trusted by teams worldwide.,Consumer
s514,Atlas Rise,https://atlas-rise.io,606.2,620.7,cat10,ClimateTech,2022,76837820,Netherlands,Denver,Alex Anderson,Atlas Rise provides innovative solutions for modern businesses. Our platform helps companies streamline operations and drive growth. Trusted by teams worldwide.,Consumer
s515,Meridian Tech,https://meridian-tech.io,640,613.2,cat10,ClimateTech,2021,158780584,Singapore,New York,Robin Moore,Meridian Tech provides innovative solutions for modern businesses. Our platform helps companies streamline operations and drive growth. Trusted by teams worldwide.,Consumer
s516,Stride Logic,https://stride-logic.io,602,619.9,cat10,ClimateTech,2020,2567258,USA,Chicago,Blake Brown,Stride Logic provides innovative solutions for modern businesses. Our platform helps companies streamline operations and drive growth. Trusted by teams worldwide.,Developer
s517,Acme Port,https://acme-port.io,603.3,664,cat10,ClimateTech,2017,259155,Canada,Atlanta,Avery Wilson,Acme Port provides innovative solutions for modern businesses. Our platform helps companies streamline operations and drive growth. Trusted by teams worldwide.,Consumer
s518,Bolt Plus,https://bolt-plus.io,557.7,618.7,cat10,ClimateTech,2021,22655009,USA,London,Finley Williams,Bolt Plus provides innovative solutions for modern businesses. Our platform helps companies streamline operations and drive growth. Trusted by teams worldwide.,Developer
s519,Warp Base,https://warp-base.io,575.2,617.2,cat10,ClimateTech,2018,2250438,Netherlands,San Francisco,Riley Miller,Warp Base provides innovative solutions for modern businesses. Our platform helps companies streamline operations and drive growth. Trusted by teams worldwide.,Consumer
s520,Ember Net,https://ember-net.io,595.6,608.4,cat10,ClimateTech,2020,14115653,Israel,Toronto,Avery White,Ember Net provides innovative solutions for modern businesses. Our platform helps companies streamline operations and drive growth. Trusted by teams worldwide.,SMB
s521,Tech Scope,https://tech-scope.io,597.2,587.3,cat10,ClimateTech,2016,9543902,Israel,Amsterdam,Finley Taylor,Tech Scope provides innovative solutions for modern businesses. Our platform helps companies streamline operations and drive growth. Trusted by teams worldwide.,Consumer
s522,Nova Go,https://nova-go.io,547.7,622.8,cat10,ClimateTech,2022,9492053,USA,Toronto,Finley Smith,Nova Go provides innovative solutions for modern businesses. Our platform helps companies streamline operations and drive growth. Trusted by teams worldwide.,Consumer
s523,Nova Zone,https://nova-zone.io,580.7,592.4,cat10,ClimateTech,2020,107756127,USA,Portland,Dakota Garcia,Nova Zone provides innovative solutions for modern businesses. Our platform helps companies streamline operations and drive growth. Trusted by teams worldwide.,Enterprise
s524,Ember Unit,https://ember-unit.io,613.9,602.7,cat10,ClimateTech,2023,2577403,USA,Miami,Skyler Smith,Ember Unit provides innovative solutions for modern businesses. Our platform helps companies streamline operations and drive growth. Trusted by teams worldwide.,Developer
s525,Cloud IQ,https://cloud-iq.io,558.1,588.8,cat10,ClimateTech,2019,31261579,Singapore,Tel Aviv,Pat Martin,Cloud IQ provides innovative solutions for modern businesses. Our platform helps companies streamline operations and drive growth. Trusted by teams worldwide.,Consumer
s526,Ember Node,https://ember-node.io,597,592.1,cat10,ClimateTech,2022,195182435,Canada,Singapore,Jamie Jones,Ember Node provides innovative solutions for modern businesses. Our platform helps companies streamline operations and drive growth. Trusted by teams worldwide.,Developer
s527,Acme Hub,https://acme-hub.io,611.3,599.5,cat10,ClimateTech,2017,287652,USA,Austin,Alex Martinez,Acme Hub provides innovative solutions for modern businesses. Our platform helps companies streamline operations and drive growth. Trusted by teams worldwide.,Enterprise
s528,Luma Base,https://luma-base.io,575,605.3,cat10,ClimateTech,2016,31869168,Canada,London,Pat Miller,Luma Base provides innovative solutions for modern businesses. Our platform helps companies streamline operations and drive growth. Trusted by teams worldwide.,Consumer
s529,Frost Max,https://frost-max.io,559.8,615.2,cat10,ClimateTech,2021,749496,USA,Philadelphia,Finley Anderson,Frost Max provides innovative solutions for modern businesses. Our platform helps companies streamline operations and drive growth. Trusted by teams worldwide.,SMB
s530,Apex Forge,https://apex-forge.io,618.5,579.1,cat10,ClimateTech,2019,24221693,Singapore,San Francisco,Quinn Lee,Apex Forge provides innovative solutions for modern businesses. Our platform helps companies streamline operations and drive growth. Trusted by teams worldwide.,Developer
s531,Lens Link,https://lens-link.io,630,623.8,cat10,ClimateTech,2020,143486062,USA,Denver,Quinn Rodriguez,Lens Link provides innovative solutions for modern businesses. Our platform helps companies streamline operations and drive growth. Trusted by teams worldwide.,Enterprise
s532,Atlas Data,https://atlas-data.io,511.5,606.7,cat10,ClimateTech,2023,70844819,Israel,Philadelphia,Emery Lee,Atlas Data provides innovative solutions for modern businesses. Our platform helps companies streamline operations and drive growth. Trusted by teams worldwide.,Consumer
s533,Orbit Core,https://orbit-core.io,573.2,616.7,cat10,ClimateTech,2021,11340143,USA,London,Morgan Martinez,Orbit Core provides innovative solutions for modern businesses. Our platform helps companies streamline operations and drive growth. Trusted by teams worldwide.,Developer
s534,Pulse Hub,https://pulse-hub.io,612.3,602.6,cat10,ClimateTech,2018,2023081,USA,Denver,Morgan Miller,Pulse Hub provides innovative solutions for modern businesses. Our platform helps companies streamline operations and drive growth. Trusted by teams worldwide.,Developer
s535,Glint Cloud,https://glint-cloud.io,602.7,612.7,cat10,ClimateTech,2022,31094640,USA,Seattle,Taylor Williams,Glint Cloud provides innovative solutions for modern businesses. Our platform helps companies streamline operations and drive growth. Trusted by teams worldwide.,SMB
s536,Atlas Quest,https://atlas-quest.io,569.5,602.1,cat10,ClimateTech,2018,291204,Germany,Singapore,Skyler Martinez,Atlas Quest provides innovative solutions for modern businesses. Our platform helps companies streamline operations and drive growth. Trusted by teams worldwide.,SMB
s537,Zenith Wise,https://zenith-wise.io,577.2,622,cat10,ClimateTech,2020,72739281,USA,Toronto,Jamie Smith,Zenith Wise provides innovative solutions for modern businesses. Our platform helps companies streamline operations and drive growth. Trusted by teams worldwide.,Developer
s538,Crest Port,https://crest-port.io,544.7,590.1,cat10,ClimateTech,2019,2476907,USA,Denver,Pat White,Crest Port provides innovative solutions for modern businesses. Our platform helps companies streamline operations and drive growth. Trusted by teams worldwide.,Developer
s539,Vector Yard,https://vector-yard.io,564.8,607.3,cat10,ClimateTech,2023,634292,USA,Toronto,Jordan Taylor,Vector Yard provides innovative solutions for modern businesses. Our platform helps companies streamline operations and drive growth. Trusted by teams worldwide.,Developer
s540,Crest One,https://crest-one.io,593.5,612.7,cat10,ClimateTech,2017,33501626,USA,Austin,Alex White,Crest One provides innovative solutions for modern businesses. Our platform helps companies streamline operations and drive growth. Trusted by teams worldwide.,Developer
s541,Lens Quest,https://lens-quest.io,571.1,621.6,cat10,ClimateTech,2019,89457267,France,Philadelphia,Alex Miller,Lens Quest provides innovative solutions for modern businesses. Our platform helps companies streamline operations and drive growth. Trusted by teams worldwide.,SMB
s542,Cipher Yard,https://cipher-yard.io,597,621.3,cat10,ClimateTech,2023,2495609,France,Tel Aviv,Jamie Smith,Cipher Yard provides innovative solutions for modern businesses. Our platform helps companies streamline operations and drive growth. Trusted by teams worldwide.,SMB
s543,Umbra Labs,https://umbra-labs.io,638.2,650.3,cat10,ClimateTech,2016,80597659,Canada,London,Dakota Moore,Umbra Labs provides innovative solutions for modern businesses. Our platform helps companies streamline operations and drive growth. Trusted by teams worldwide.,SMB
s544,Tech X,https://tech-x.io,608.6,546.3,cat10,ClimateTech,2022,144098716,USA,Portland,Sam White,Tech X provides innovative solutions for modern businesses. Our platform helps companies streamline operations and drive growth. Trusted by teams worldwide.,Developer
s545,Zenith Lite,https://zenith-lite.io,633.7,562.7,cat10,ClimateTech,2018,375914,UK,Boston,Alex Thomas,Zenith Lite provides innovative solutions for modern businesses. Our platform helps companies streamline operations and drive growth. Trusted by teams worldwide.,SMB
s546,Quantum Bridge,https://quantum-bridge.io,591.8,584.5,cat10,ClimateTech,2023,2810619,Germany,Chicago,Finley Martin,Quantum Bridge provides innovative solutions for modern businesses. Our platform helps companies streamline operations and drive growth. Trusted by teams worldwide.,Developer
s547,Crest IQ,https://crest-iq.io,571.8,586,cat10,ClimateTech,2017,203725614,USA,San Diego,Drew Garcia,Crest IQ provides innovative solutions for modern businesses. Our platform helps companies streamline operations and drive growth. Trusted by teams worldwide.,SMB
s548,Haven Code,https://haven-code.io,550.7,586.5,cat10,ClimateTech,2017,1360318,USA,Atlanta,Alex Anderson,Haven Code provides innovative solutions for modern businesses. Our platform helps companies streamline operations and drive growth. Trusted by teams worldwide.,Developer
s549,Iris Scope,https://iris-scope.io,581,629.8,cat10,ClimateTech,2022,51636180,Canada,Berlin,Morgan Jones,Iris Scope provides innovative solutions for modern businesses. Our platform helps companies streamline operations and drive growth. Trusted by teams worldwide.,Developer
s550,Warp Core,https://warp-core.io,544.6,635.2,cat10,ClimateTech,2021,421227,Germany,Sydney,Alex Rodriguez,Warp Core provides innovative solutions for modern businesses. Our platform helps companies streamline operations and drive growth. Trusted by teams worldwide.,Developer
s551,Helix Bridge,https://helix-bridge.io,580.9,599,cat10,ClimateTech,2016,1015926,USA,London,Chris White,Helix Bridge provides innovative solutions for modern businesses. Our platform helps companies streamline operations and drive growth. Trusted by teams worldwide.,Enterprise
s552,Mint Byte,https://mint-byte.io,589.9,634.8,cat10,ClimateTech,2018,10125923,Netherlands,Sydney,Finley Thomas,Mint Byte provides innovative solutions for modern businesses. Our platform helps companies streamline operations and drive growth. Trusted by teams worldwide.,Consumer
s553,Kite Vault,https://kite-vault.io,571.5,621.7,cat10,ClimateTech,2017,64450408,Singapore,Boston,Emery Brown,Kite Vault provides innovative solutions for modern businesses. Our platform helps companies streamline operations and drive growth. Trusted by teams worldwide.,Developer
s554,Luma Go,https://luma-go.io,573.7,600.1,cat10,ClimateTech,2016,41801502,USA,London,Taylor Wilson,Luma Go provides innovative solutions for modern businesses. Our platform helps companies streamline operations and drive growth. Trusted by teams worldwide.,SMB
s555,Ember Labs,https://ember-labs.io,635.6,619.1,cat10,ClimateTech,2020,10905782,USA,Philadelphia,Drew Lee,Ember Labs provides innovative solutions for modern businesses. Our platform helps companies streamline operations and drive growth. Trusted by teams worldwide.,SMB
s556,Data Wise,https://data-wise.io,414.2,376.3,cat11,HRTech,2023,224580805,USA,Denver,Quinn Thompson,Data Wise provides innovative solutions for modern businesses. Our platform helps companies streamline operations and drive growth. Trusted by teams worldwide.,SMB
s557,Lattice Tech,https://lattice-tech.io,370.6,409.4,cat11,HRTech,2016,1291520,USA,Philadelphia,Taylor Davis,Lattice Tech provides innovative solutions for modern businesses. Our platform helps companies streamline operations and drive growth. Trusted by teams worldwide.,Consumer
s558,Spark Grid,https://spark-grid.io,385.2,444.4,cat11,HRTech,2016,2468456,Australia,Boston,Dakota Wilson,Spark Grid provides innovative solutions for modern businesses. Our platform helps companies streamline operations and drive growth. Trusted by teams worldwide.,Developer
s559,Tech Quest,https://tech-quest.io,412.2,437.5,cat11,HRTech,2016,64274657,France,Denver,Emery Johnson,Tech Quest provides innovative solutions for modern businesses. Our platform helps companies streamline operations and drive growth. Trusted by teams worldwide.,Enterprise
s560,Nexus Lite,https://nexus-lite.io,376.5,390.3,cat11,HRTech,2023,1940949,USA,Paris,Pat Lee,Nexus Lite provides innovative solutions for modern businesses. Our platform helps companies streamline operations and drive growth. Trusted by teams worldwide.,Consumer
s561,Nova Code,https://nova-code.io,372.6,467.1,cat11,HRTech,2020,72699763,USA,Boston,Taylor Jackson,Nova Code provides innovative solutions for modern businesses. Our platform helps companies streamline operations and drive growth. Trusted by teams worldwide.,SMB
s562,Zephyr Rise,https://zephyr-rise.io,382.4,426.4,cat11,HRTech,2020,1390614,Netherlands,Los Angeles,Finley Garcia,Zephyr Rise provides innovative solutions for modern businesses. Our platform helps companies streamline operations and drive growth. Trusted by teams worldwide.,Consumer
s563,Smart Now,https://smart-now.io,355.7,414.4,cat11,HRTech,2019,19692352,USA,Chicago,Drew Jones,Smart Now provides innovative solutions for modern businesses. Our platform helps companies streamline operations and drive growth. Trusted by teams worldwide.,SMB
s564,Umbra Scope,https://umbra-scope.io,404.5,451,cat11,HRTech,2020,11328915,Netherlands,Singapore,Cameron Thompson,Umbra Scope provides innovative solutions for modern businesses. Our platform helps companies streamline operations and drive growth. Trusted by teams worldwide.,SMB
s565,Frost Lite,https://frost-lite.io,407.4,454.7,cat11,HRTech,2016,632653,Singapore,Los Angeles,Skyler Martinez,Frost Lite provides innovative solutions for modern businesses. Our platform helps companies streamline operations and drive growth. Trusted by teams worldwide.,SMB
s566,Prism Port,https://prism-port.io,403.9,421.7,cat11,HRTech,2016,204254458,Israel,London,Robin Garcia,Prism Port provides innovative solutions for modern businesses. Our platform helps companies streamline operations and drive growth. Trusted by teams worldwide.,Consumer
s567,Warp Lite,https://warp-lite.io,373.9,380.5,cat11,HRTech,2018,16191852,USA,Atlanta,Emery Martinez,Warp Lite provides innovative solutions for modern businesses. Our platform helps companies streamline operations and drive growth. Trusted by teams worldwide.,Consumer
s568,Ember Code,https://ember-code.io,402.3,401.2,cat11,HRTech,2016,10290179,France,Paris,Sam Jones,Ember Code provides innovative solutions for modern businesses. Our platform helps companies streamline operations and drive growth. Trusted by teams worldwide.,Consumer
s569,Sync Flow,https://sync-flow.io,401.7,375.3,cat11,HRTech,2017,7233920,USA,Tel Aviv,Taylor Brown,Sync Flow provides innovative solutions for modern businesses. Our platform helps companies streamline operations and drive growth. Trusted by teams worldwide.,Developer
s570,Drift Zone,https://drift-zone.io,414.9,387.9,cat11,HRTech,2022,57227348,Singapore,Seattle,Chris Taylor,Drift Zone provides innovative solutions for modern businesses. Our platform helps companies streamline operations and drive growth. Trusted by teams worldwide.,Consumer
s571,Prism Edge,https://prism-edge.io,368.8,411.6,cat11,HRTech,2018,159838847,Australia,Denver,Morgan White,Prism Edge provides innovative solutions for modern businesses. Our platform helps companies streamline operations and drive growth. Trusted by teams worldwide.,SMB
s572,Drift Labs,https://drift-labs.io,367.5,401.2,cat11,HRTech,2016,61288070,USA,Portland,Alex Thomas,Drift Labs provides innovative solutions for modern businesses. Our platform helps companies streamline operations and drive growth. Trusted by teams worldwide.,Developer
s573,Echo AI,https://echo-ai.io,396.4,434,cat11,HRTech,2017,280501,USA,Atlanta,Robin Garcia,Echo AI provides innovative solutions for modern businesses. Our platform helps companies streamline operations and drive growth. Trusted by teams worldwide.,Enterprise
s574,Spark Flow,https://spark-flow.io,461.8,400.9,cat11,HRTech,2018,8100027,France,Atlanta,Drew Martin,Spark Flow provides innovative solutions for modern businesses. Our platform helps companies streamline operations and drive growth. Trusted by teams worldwide.,Developer
s575,Haven Wave,https://haven-wave.io,399.2,359.8,cat11,HRTech,2021,631288,Singapore,New York,Jamie Thompson,Haven Wave provides innovative solutions for modern businesses. Our platform helps companies streamline operations and drive growth. Trusted by teams worldwide.,Enterprise
s576,Forge Signal,https://forge-signal.io,399.7,386.3,cat11,HRTech,2019,82434857,USA,Tel Aviv,Sam Brown,Forge Signal provides innovative solutions for modern businesses. Our platform helps companies streamline operations and drive growth. Trusted by teams worldwide.,SMB
s577,Luma Sync,https://luma-sync.io,409.2,344.3,cat11,HRTech,2018,89545871,Germany,London,Taylor Jones,Luma Sync provides innovative solutions for modern businesses. Our platform helps companies streamline operations and drive growth. Trusted by teams worldwide.,Enterprise
s578,Bolt IQ,https://bolt-iq.io,411,415.3,cat11,HRTech,2022,64893471,Israel,Berlin,Robin Martin,Bolt IQ provides innovative solutions for modern businesses. Our platform helps companies streamline operations and drive growth. Trusted by teams worldwide.,Consumer
s579,Glint Scope,https://glint-scope.io,390.9,415.7,cat11,HRTech,2023,33449738,Canada,Toronto,Blake Wilson,Glint Scope provides innovative solutions for modern businesses. Our platform helps companies streamline operations and drive growth. Trusted by teams worldwide.,Developer
s580,Meridian X,https://meridian-x.io,397.6,364.4,cat11,HRTech,2019,49874353,Netherlands,Singapore,Emery Garcia,Meridian X provides innovative solutions for modern businesses. Our platform helps companies streamline operations and drive growth. Trusted by teams worldwide.,Enterprise
s581,Stride Code,https://stride-code.io,422.1,377.9,cat11,HRTech,2016,92348276,France,Austin,Emery Davis,Stride Code provides innovative solutions for modern businesses. Our platform helps companies streamline operations and drive growth. Trusted by teams worldwide.,Developer
s582,Zenith Grid,https://zenith-grid.io,403.6,389.3,cat11,HRTech,2016,76787306,USA,Los Angeles,Skyler Miller,Zenith Grid provides innovative solutions for modern businesses. Our platform helps companies streamline operations and drive growth. Trusted by teams worldwide.,Consumer
s583,Flow Byte,https://flow-byte.io,422.6,390.3,cat11,HRTech,2020,9594800,Israel,Atlanta,Casey Moore,Flow Byte provides innovative solutions for modern businesses. Our platform helps companies streamline operations and drive growth. Trusted by teams worldwide.,Enterprise
s584,Drift Wave,https://drift-wave.io,401.5,392.3,cat11,HRTech,2019,203765387,Singapore,Atlanta,Casey Jackson,Drift Wave provides innovative solutions for modern businesses. Our platform helps companies streamline operations and drive growth. Trusted by teams worldwide.,Consumer
s585,Xylo Port,https://xylo-port.io,414.3,389.6,cat11,HRTech,2017,1593509,Singapore,Chicago,Blake Jones,Xylo Port provides innovative solutions for modern businesses. Our platform helps companies streamline operations and drive growth. Trusted by teams worldwide.,Enterprise
s586,Tech Pro,https://tech-pro.io,401.2,364.6,cat11,HRTech,2020,308206,UK,Chicago,Emery Johnson,Tech Pro provides innovative solutions for modern businesses. Our platform helps companies streamline operations and drive growth. Trusted by teams worldwide.,SMB
s587,Quantum Signal,https://quantum-signal.io,422.4,449,cat11,HRTech,2017,99586182,Germany,Paris,Jordan Smith,Quantum Signal provides innovative solutions for modern businesses. Our platform helps companies streamline operations and drive growth. Trusted by teams worldwide.,Enterprise
s588,Umbra Go,https://umbra-go.io,367.2,458,cat11,HRTech,2016,6318933,Australia,San Francisco,Alex Jackson,Umbra Go provides innovative solutions for modern businesses. Our platform helps companies streamline operations and drive growth. Trusted by teams worldwide.,Developer
s589,Glint Link,https://glint-link.io,433.9,433.8,cat11,HRTech,2019,183922329,USA,San Francisco,Taylor White,Glint Link provides innovative solutions for modern businesses. Our platform helps companies streamline operations and drive growth. Trusted by teams worldwide.,Consumer
s590,Flow Now,https://flow-now.io,333.8,377.8,cat11,HRTech,2017,109876762,USA,Toronto,Blake Smith,Flow Now provides innovative solutions for modern businesses. Our platform helps companies streamline operations and drive growth. Trusted by teams worldwide.,Developer
s591,Crest Lite,https://crest-lite.io,436,413.6,cat11,HRTech,2017,79444322,USA,Paris,Blake Thompson,Crest Lite provides innovative solutions for modern businesses. Our platform helps companies streamline operations and drive growth. Trusted by teams worldwide.,Developer
s592,Meridian Nexus,https://meridian-nexus.io,397.7,443,cat11,HRTech,2017,130352329,Singapore,Sydney,Casey Taylor,Meridian Nexus provides innovative solutions for modern businesses. Our platform helps companies streamline operations and drive growth. Trusted by teams worldwide.,Enterprise
s593,Ember Forge,https://ember-forge.io,384.4,403.6,cat11,HRTech,2020,24616391,Germany,London,Dakota Martinez,Ember Forge provides innovative solutions for modern businesses. Our platform helps companies streamline operations and drive growth. Trusted by teams worldwide.,SMB
s594,Glint Data,https://glint-data.io,384.6,404.6,cat11,HRTech,2016,5488159,Netherlands,Los Angeles,Taylor Smith,Glint Data provides innovative solutions for modern businesses. Our platform helps companies streamline operations and drive growth. Trusted by teams worldwide.,SMB
s595,Smart Wise,https://smart-wise.io,378.5,359.7,cat11,HRTech,2023,27780902,USA,New York,Robin Rodriguez,Smart Wise provides innovative solutions for modern businesses. Our platform helps companies streamline operations and drive growth. Trusted by teams worldwide.,Enterprise
s596,Lattice Edge,https://lattice-edge.io,397.2,418.7,cat11,HRTech,2016,11418317,France,Chicago,Robin Lee,Lattice Edge provides innovative solutions for modern businesses. Our platform helps companies streamline operations and drive growth. Trusted by teams worldwide.,Developer
s597,Iris Port,https://iris-port.io,392,386.2,cat11,HRTech,2022,181223695,USA,Philadelphia,Chris Moore,Iris Port provides innovative solutions for modern businesses. Our platform helps companies streamline operations and drive growth. Trusted by teams worldwide.,Consumer
s598,Umbra Rise,https://umbra-rise.io,367.7,464.9,cat11,HRTech,2021,63595032,Netherlands,San Diego,Jordan Martinez,Umbra Rise provides innovative solutions for modern businesses. Our platform helps companies streamline operations and drive growth. Trusted by teams worldwide.,Enterprise
s599,Haven View,https://haven-view.io,418,470.5,cat11,HRTech,2019,261848,USA,Atlanta,Skyler Smith,Haven View provides innovative solutions for modern businesses. Our platform helps companies streamline operations and drive growth. Trusted by teams worldwide.,Developer
s600,Pulse Scope,https://pulse-scope.io,393.5,451.6,cat11,HRTech,2016,1468579,USA,Atlanta,Sam White,Pulse Scope provides innovative solutions for modern businesses. Our platform helps companies streamline operations and drive growth. Trusted by teams worldwide.,Enterprise
s601,Vault Labs,https://vault-labs.io,427.6,434.1,cat11,HRTech,2017,10550566,USA,Tel Aviv,Taylor Moore,Vault Labs provides innovative solutions for modern businesses. Our platform helps companies streamline operations and drive growth. Trusted by teams worldwide.,Consumer
s602,Yield Signal,https://yield-signal.io,426.8,412.1,cat11,HRTech,2020,79737954,USA,Amsterdam,Skyler Martin,Yield Signal provides innovative solutions for modern businesses. Our platform helps companies streamline operations and drive growth. Trusted by teams worldwide.,Enterprise
s603,Mint View,https://mint-view.io,374.1,469.2,cat11,HRTech,2022,544039,Canada,Chicago,Dakota Thompson,Mint View provides innovative solutions for modern businesses. Our platform helps companies streamline operations and drive growth. Trusted by teams worldwide.,Developer
s604,Lattice Nexus,https://lattice-nexus.io,357,436.6,cat11,HRTech,2018,83611475,Canada,Seattle,Cameron Rodriguez,Lattice Nexus provides innovative solutions for modern businesses. Our platform helps companies streamline operations and drive growth. Trusted by teams worldwide.,Developer
s605,Tech Data,https://tech-data.io,387.1,399.3,cat11,HRTech,2017,34684374,USA,Denver,Riley White,Tech Data provides innovative solutions for modern businesses. Our platform helps companies streamline operations and drive growth. Trusted by teams worldwide.,Enterprise
s606,Helix Tech,https://helix-tech.io,385.7,425.9,cat11,HRTech,2023,7056730,USA,Miami,Cameron Johnson,Helix Tech provides innovative solutions for modern businesses. Our platform helps companies streamline operations and drive growth. Trusted by teams worldwide.,Developer
s607,Nexus Now,https://nexus-now.io,382.1,393.3,cat11,HRTech,2023,80023887,USA,New York,Chris Davis,Nexus Now provides innovative solutions for modern businesses. Our platform helps companies streamline operations and drive growth. Trusted by teams worldwide.,SMB
s608,Prism View,https://prism-view.io,379.3,403.6,cat11,HRTech,2021,52462830,Canada,Portland,Casey Miller,Prism View provides innovative solutions for modern businesses. Our platform helps companies streamline operations and drive growth. Trusted by teams worldwide.,Consumer
s609,Yield Yard,https://yield-yard.io,391.7,428.8,cat11,HRTech,2016,1271223,UK,Sydney,Morgan Martin,Yield Yard provides innovative solutions for modern businesses. Our platform helps companies streamline operations and drive growth. Trusted by teams worldwide.,SMB
s610,Spark Zone,https://spark-zone.io,376.4,425.7,cat11,HRTech,2017,8270524,Israel,Tel Aviv,Emery Wilson,Spark Zone provides innovative solutions for modern businesses. Our platform helps companies streamline operations and drive growth. Trusted by teams worldwide.,Developer
s611,Tech Mesh,https://tech-mesh.io,245,694.7,cat12,MarketingTech,2016,545033,Singapore,Berlin,Alex Jones,Tech Mesh provides innovative solutions for modern businesses. Our platform helps companies streamline operations and drive growth. Trusted by teams worldwide.,Consumer
s612,Forge Zone,https://forge-zone.io,218.6,724.7,cat12,MarketingTech,2021,20043949,UK,Los Angeles,Jamie Martin,Forge Zone provides innovative solutions for modern businesses. Our platform helps companies streamline operations and drive growth. Trusted by teams worldwide.,Enterprise
s613,Vector Sync,https://vector-sync.io,205.1,720.1,cat12,MarketingTech,2020,20560879,USA,Amsterdam,Dakota Martin,Vector Sync provides innovative solutions for modern businesses. Our platform helps companies streamline operations and drive growth. Trusted by teams worldwide.,SMB
s614,Drift Lite,https://drift-lite.io,222.6,718.4,cat12,MarketingTech,2017,140072977,UK,Amsterdam,Jamie Smith,Drift Lite provides innovative solutions for modern businesses. Our platform helps companies streamline operations and drive growth. Trusted by teams worldwide.,SMB
s615,Bolt Yard,https://bolt-yard.io,233.1,720.9,cat12,MarketingTech,2020,24431656,USA,Amsterdam,Finley Jackson,Bolt Yard provides innovative solutions for modern businesses. Our platform helps companies streamline operations and drive growth. Trusted by teams worldwide.,SMB
s616,Cipher Now,https://cipher-now.io,207.2,766.2,cat12,MarketingTech,2016,80404630,Israel,Toronto,Drew Jackson,Cipher Now provides innovative solutions for modern businesses. Our platform helps companies streamline operations and drive growth. Trusted by teams worldwide.,Enterprise
s617,Kite One,https://kite-one.io,204,719.6,cat12,MarketingTech,2023,31636255,USA,Portland,Riley Lee,Kite One provides innovative solutions for modern businesses. Our platform helps companies streamline operations and drive growth. Trusted by teams worldwide.,Enterprise
s618,Iris Bridge,https://iris-bridge.io,222.3,645.7,cat12,MarketingTech,2021,300219,USA,New York,Dakota Moore,Iris Bridge provides innovative solutions for modern businesses. Our platform helps companies streamline operations and drive growth. Trusted by teams worldwide.,SMB
s619,Yield Stack,https://yield-stack.io,240.5,735.3,cat12,MarketingTech,2019,187465990,Netherlands,Portland,Sam Williams,Yield Stack provides innovative solutions for modern businesses. Our platform helps companies streamline operations and drive growth. Trusted by teams worldwide.,Developer
s620,Kite Data,https://kite-data.io,255.6,653.7,cat12,MarketingTech,2016,27922002,France,Toronto,Morgan Williams,Kite Data provides innovative solutions for modern businesses. Our platform helps companies streamline operations and drive growth. Trusted by teams worldwide.,Developer
s621,Acme Pro,https://acme-pro.io,210.7,658.1,cat12,MarketingTech,2020,56330797,USA,Boston,Dakota Thomas,Acme Pro provides innovative solutions for modern businesses. Our platform helps companies streamline operations and drive growth. Trusted by teams worldwide.,SMB
s622,Bolt Now,https://bolt-now.io,234.2,712.1,cat12,MarketingTech,2019,726459,Germany,Portland,Morgan Thomas,Bolt Now provides innovative solutions for modern businesses. Our platform helps companies streamline operations and drive growth. Trusted by teams worldwide.,SMB
s623,Vault Mesh,https://vault-mesh.io,209.8,743.1,cat12,MarketingTech,2020,1805163,USA,London,Taylor Martin,Vault Mesh provides innovative solutions for modern businesses. Our platform helps companies streamline operations and drive growth. Trusted by teams worldwide.,Consumer
s624,Vault Yard,https://vault-yard.io,228.6,747,cat12,MarketingTech,2019,143025933,Germany,Atlanta,Blake Lee,Vault Yard provides innovative solutions for modern businesses. Our platform helps companies streamline operations and drive growth. Trusted by teams worldwide.,Consumer
s625,Yield Code,https://yield-code.io,251.1,730.9,cat12,MarketingTech,2018,194377246,Singapore,Chicago,Jamie Martin,Yield Code provides innovative solutions for modern businesses. Our platform helps companies streamline operations and drive growth. Trusted by teams worldwide.,Developer
s626,Helix Wave,https://helix-wave.io,261.6,728.7,cat12,MarketingTech,2017,375600,Singapore,Miami,Quinn Smith,Helix Wave provides innovative solutions for modern businesses. Our platform helps companies streamline operations and drive growth. Trusted by teams worldwide.,Enterprise
s627,Yield Wise,https://yield-wise.io,204,752.6,cat12,MarketingTech,2019,5439347,USA,Denver,Skyler Thomas,Yield Wise provides innovative solutions for modern businesses. Our platform helps companies streamline operations and drive growth. Trusted by teams worldwide.,Developer
s628,Cloud View,https://cloud-view.io,273.6,723.4,cat12,MarketingTech,2017,8104066,Singapore,Philadelphia,Sam Rodriguez,Cloud View provides innovative solutions for modern businesses. Our platform helps companies streamline operations and drive growth. Trusted by teams worldwide.,Consumer
s629,Bolt Flow,https://bolt-flow.io,252.4,723,cat12,MarketingTech,2022,149577915,USA,Los Angeles,Jamie Williams,Bolt Flow provides innovative solutions for modern businesses. Our platform helps companies streamline operations and drive growth. Trusted by teams worldwide.,Enterprise
s630,Atlas One,https://atlas-one.io,215.7,720.3,cat12,MarketingTech,2018,22448751,France,Miami,Alex Smith,Atlas One provides innovative solutions for modern businesses. Our platform helps companies streamline operations and drive growth. Trusted by teams worldwide.,Developer
s631,Stride Pro,https://stride-pro.io,252.5,699.6,cat12,MarketingTech,2023,34218555,Canada,Tel Aviv,Morgan Williams,Stride Pro provides innovative solutions for modern businesses. Our platform helps companies streamline operations and drive growth. Trusted by teams worldwide.,Consumer
s632,Jade Port,https://jade-port.io,146,690.8,cat12,MarketingTech,2017,30825258,USA,Chicago,Taylor Jones,Jade Port provides innovative solutions for modern businesses. Our platform helps companies streamline operations and drive growth. Trusted by teams worldwide.,Developer
s633,Tech Now,https://tech-now.io,198.5,727.9,cat12,MarketingTech,2020,27866630,Singapore,San Francisco,Finley Lee,Tech Now provides innovative solutions for modern businesses. Our platform helps companies streamline operations and drive growth. Trusted by teams worldwide.,Enterprise
s634,Acme Rise,https://acme-rise.io,250.1,732.1,cat12,MarketingTech,2022,126393351,Germany,Berlin,Morgan Johnson,Acme Rise provides innovative solutions for modern businesses. Our platform helps companies streamline operations and drive growth. Trusted by teams worldwide.,SMB
s635,Kite Byte,https://kite-byte.io,194.2,717.8,cat12,MarketingTech,2017,2919530,Israel,Atlanta,Dakota White,Kite Byte provides innovative solutions for modern businesses. Our platform helps companies streamline operations and drive growth. Trusted by teams worldwide.,Enterprise
s636,Mint Code,https://mint-code.io,175.5,719.6,cat12,MarketingTech,2021,206453521,USA,San Diego,Sam Thompson,Mint Code provides innovative solutions for modern businesses. Our platform helps companies streamline operations and drive growth. Trusted by teams worldwide.,SMB
s637,Luma X,https://luma-x.io,264.2,749,cat12,MarketingTech,2020,24518902,USA,Chicago,Drew Martin,Luma X provides innovative solutions for modern businesses. Our platform helps companies streamline operations and drive growth. Trusted by teams worldwide.,Consumer
s638,Xylo Unit,https://xylo-unit.io,229,693.9,cat12,MarketingTech,2020,44340091,Israel,Sydney,Dakota Taylor,Xylo Unit provides innovative solutions for modern businesses. Our platform helps companies streamline operations and drive growth. Trusted by teams worldwide.,SMB
s639,Luma Scope,https://luma-scope.io,203.2,697.2,cat12,MarketingTech,2023,370205,Australia,San Francisco,Sam Wilson,Luma Scope provides innovative solutions for modern businesses. Our platform helps companies streamline operations and drive growth. Trusted by teams worldwide.,Developer
s640,Zephyr Quest,https://zephyr-quest.io,199.8,701.9,cat12,MarketingTech,2023,28885963,Germany,Paris,Chris Martinez,Zephyr Quest provides innovative solutions for modern businesses. Our platform helps companies streamline operations and drive growth. Trusted by teams worldwide.,Consumer
s641,Crest Link,https://crest-link.io,229,719,cat12,MarketingTech,2022,212610983,USA,London,Sam Smith,Crest Link provides innovative solutions for modern businesses. Our platform helps companies streamline operations and drive growth. Trusted by teams worldwide.,Enterprise
s642,Drift OS,https://drift-os.io,211.4,735.9,cat12,MarketingTech,2022,1792783,Australia,Denver,Finley Smith,Drift OS provides innovative solutions for modern businesses. Our platform helps companies streamline operations and drive growth. Trusted by teams worldwide.,Enterprise
s643,Bolt Rise,https://bolt-rise.io,184.3,697.2,cat12,MarketingTech,2023,2289833,Singapore,New York,Cameron Anderson,Bolt Rise provides innovative solutions for modern businesses. Our platform helps companies streamline operations and drive growth. Trusted by teams worldwide.,Consumer
s644,Prime Edge,https://prime-edge.io,215.7,717.3,cat12,MarketingTech,2021,37219334,Canada,San Francisco,Dakota Williams,Prime Edge provides innovative solutions for modern businesses. Our platform helps companies streamline operations and drive growth. Trusted by teams worldwide.,Enterprise
s645,Vector Signal,https://vector-signal.io,201.4,699.7,cat12,MarketingTech,2020,115466956,USA,Singapore,Cameron Jones,Vector Signal provides innovative solutions for modern businesses. Our platform helps companies streamline operations and drive growth. Trusted by teams worldwide.,SMB
s646,Cloud Max,https://cloud-max.io,221.8,703.7,cat12,MarketingTech,2017,146343267,Germany,Denver,Skyler Brown,Cloud Max provides innovative solutions for modern businesses. Our platform helps companies streamline operations and drive growth. Trusted by teams worldwide.,Developer
s647,Meridian Cloud,https://meridian-cloud.io,223,717.6,cat12,MarketingTech,2018,1896695,USA,New York,Robin Rodriguez,Meridian Cloud provides innovative solutions for modern businesses. Our platform helps companies streamline operations and drive growth. Trusted by teams worldwide.,Enterprise
s648,Crest Forge,https://crest-forge.io,207,731.2,cat12,MarketingTech,2021,477716,USA,Austin,Drew Martinez,Crest Forge provides innovative solutions for modern businesses. Our platform helps companies streamline operations and drive growth. Trusted by teams worldwide.,SMB
s649,Nexus Wave,https://nexus-wave.io,229.8,693.6,cat12,MarketingTech,2022,157871742,USA,Singapore,Chris Anderson,Nexus Wave provides innovative solutions for modern businesses. Our platform helps companies streamline operations and drive growth. Trusted by teams worldwide.,Enterprise
s650,Haven Link,https://haven-link.io,277.4,675.3,cat12,MarketingTech,2023,11866299,Australia,Atlanta,Skyler Brown,Haven Link provides innovative solutions for modern businesses. Our platform helps companies streamline operations and drive growth. Trusted by teams worldwide.,Developer
s651,Cipher Go,https://cipher-go.io,228.2,729,cat12,MarketingTech,2016,8038921,USA,San Diego,Quinn Thomas,Cipher Go provides innovative solutions for modern businesses. Our platform helps companies streamline operations and drive growth. Trusted by teams worldwide.,Consumer
s652,Cipher View,https://cipher-view.io,171.4,687,cat12,MarketingTech,2021,33123392,USA,Tel Aviv,Jordan Williams,Cipher View provides innovative solutions for modern businesses. Our platform helps companies streamline operations and drive growth. Trusted by teams worldwide.,Consumer
s653,Prism Logic,https://prism-logic.io,206.8,680.6,cat12,MarketingTech,2016,13210603,USA,Amsterdam,Robin Martin,Prism Logic provides innovative solutions for modern businesses. Our platform helps companies streamline operations and drive growth. Trusted by teams worldwide.,Developer
s654,Forge Wise,https://forge-wise.io,201.3,737.1,cat12,MarketingTech,2021,57314959,USA,Amsterdam,Sam Wilson,Forge Wise provides innovative solutions for modern businesses. Our platform helps companies streamline operations and drive growth. Trusted by teams worldwide.,Developer
s655,Flux Signal,https://flux-signal.io,186.3,726.4,cat12,MarketingTech,2016,7534036,USA,Toronto,Casey Rodriguez,Flux Signal provides innovative solutions for modern businesses. Our platform helps companies streamline operations and drive growth. Trusted by teams worldwide.,SMB
s656,Flow Signal,https://flow-signal.io,212.6,737.9,cat12,MarketingTech,2023,2611865,USA,Toronto,Casey Brown,Flow Signal provides innovative solutions for modern businesses. Our platform helps companies streamline operations and drive growth. Trusted by teams worldwide.,SMB
s657,Drift One,https://drift-one.io,156.3,714.5,cat12,MarketingTech,2023,77069441,USA,Amsterdam,Quinn Smith,Drift One provides innovative solutions for modern businesses. Our platform helps companies streamline operations and drive growth. Trusted by teams worldwide.,Consumer
s658,Tech Lite,https://tech-lite.io,213.5,692.3,cat12,MarketingTech,2023,1687628,UK,Singapore,Taylor Taylor,Tech Lite provides innovative solutions for modern businesses. Our platform helps companies streamline operations and drive growth. Trusted by teams worldwide.,Developer
s659,Nexus Rise,https://nexus-rise.io,216.7,670.9,cat12,MarketingTech,2020,157535985,Australia,Seattle,Drew Jackson,Nexus Rise provides innovative solutions for modern businesses. Our platform helps companies streamline operations and drive growth. Trusted by teams worldwide.,Developer
s660,Nexus Logic,https://nexus-logic.io,194.7,741.7,cat12,MarketingTech,2018,700416,USA,San Francisco,Alex Martinez,Nexus Logic provides innovative solutions for modern businesses. Our platform helps companies streamline operations and drive growth. Trusted by teams worldwide.,SMB
s661,Pulse Pulse,https://pulse-pulse.io,186,665.7,cat12,MarketingTech,2017,14531742,USA,Philadelphia,Cameron White,Pulse Pulse provides innovative solutions for modern businesses. Our platform helps companies streamline operations and drive growth. Trusted by teams worldwide.,Enterprise
s662,Lattice Hub,https://lattice-hub.io,209.9,768.4,cat12,MarketingTech,2018,2146248,France,Philadelphia,Emery Anderson,Lattice Hub provides innovative solutions for modern businesses. Our platform helps companies streamline operations and drive growth. Trusted by teams worldwide.,Developer
s663,Lens Lite,https://lens-lite.io,218.8,699.5,cat12,MarketingTech,2020,78685024,USA,Sydney,Dakota Miller,Lens Lite provides innovative solutions for modern businesses. Our platform helps companies streamline operations and drive growth. Trusted by teams worldwide.,Developer
s664,Iris Max,https://iris-max.io,206.6,736.8,cat12,MarketingTech,2017,43307439,Australia,Denver,Morgan Martin,Iris Max provides innovative solutions for modern businesses. Our platform helps companies streamline operations and drive growth. Trusted by teams worldwide.,Enterprise
s665,Cipher One,https://cipher-one.io,250.4,726.4,cat12,MarketingTech,2017,11270916,Netherlands,San Francisco,Cameron Lee,Cipher One provides innovative solutions for modern businesses. Our platform helps companies streamline operations and drive growth. Trusted by teams worldwide.,Enterprise
s666,Apex Tech,https://apex-tech.io,208,455,cat13,SaaS,2017,124030773,USA,Chicago,Alex Moore,Apex Tech provides innovative solutions for modern businesses. Our platform helps companies streamline operations and drive growth. Trusted by teams worldwide.,Consumer
s667,Sync IQ,https://sync-iq.io,192.1,429.9,cat13,SaaS,2018,28163127,USA,San Francisco,Robin Jackson,Sync IQ provides innovative solutions for modern businesses. Our platform helps companies streamline operations and drive growth. Trusted by teams worldwide.,SMB
s668,Data Node,https://data-node.io,181.9,463.9,cat13,SaaS,2020,26767098,France,London,Jamie Davis,Data Node provides innovative solutions for modern businesses. Our platform helps companies streamline operations and drive growth. Trusted by teams worldwide.,SMB
s669,Warp AI,https://warp-ai.io,171.8,478.7,cat13,SaaS,2019,279915,Canada,Los Angeles,Pat Anderson,Warp AI provides innovative solutions for modern businesses. Our platform helps companies streamline operations and drive growth. Trusted by teams worldwide.,Consumer
s670,Umbra Cloud,https://umbra-cloud.io,182.4,466.7,cat13,SaaS,2018,7739549,USA,London,Cameron Williams,Umbra Cloud provides innovative solutions for modern businesses. Our platform helps companies streamline operations and drive growth. Trusted by teams worldwide.,Enterprise
s671,Crest Now,https://crest-now.io,196.9,406.1,cat13,SaaS,2017,10283933,USA,Portland,Emery Brown,Crest Now provides innovative solutions for modern businesses. Our platform helps companies streamline operations and drive growth. Trusted by teams worldwide.,SMB
s672,Cloud Pulse,https://cloud-pulse.io,163.8,483.7,cat13,SaaS,2023,471359,USA,Los Angeles,Skyler Moore,Cloud Pulse provides innovative solutions for modern businesses. Our platform helps companies streamline operations and drive growth. Trusted by teams worldwide.,Enterprise
s673,Bolt Base,https://bolt-base.io,139.2,451.9,cat13,SaaS,2020,83682767,Australia,Miami,Riley Wilson,Bolt Base provides innovative solutions for modern businesses. Our platform helps companies streamline operations and drive growth. Trusted by teams worldwide.,SMB
s674,Cloud Pro,https://cloud-pro.io,168.7,429.8,cat13,SaaS,2022,42967037,USA,Toronto,Finley Smith,Cloud Pro provides innovative solutions for modern businesses. Our platform helps companies streamline operations and drive growth. Trusted by teams worldwide.,Enterprise
s675,Frost Core,https://frost-core.io,191.9,483.3,cat13,SaaS,2021,100063675,USA,New York,Emery Smith,Frost Core provides innovative solutions for modern businesses. Our platform helps companies streamline operations and drive growth. Trusted by teams worldwide.,Consumer
s676,Mint Yard,https://mint-yard.io,122,414.4,cat13,SaaS,2019,72558983,USA,Paris,Cameron Brown,Mint Yard provides innovative solutions for modern businesses. Our platform helps companies streamline operations and drive growth. Trusted by teams worldwide.,SMB
s677,Mint Wave,https://mint-wave.io,182.8,466.9,cat13,SaaS,2016,78397210,USA,Chicago,Taylor Moore,Mint Wave provides innovative solutions for modern businesses. Our platform helps companies streamline operations and drive growth. Trusted by teams worldwide.,SMB
s678,Pulse Unit,https://pulse-unit.io,161,435.1,cat13,SaaS,2019,17499446,USA,Denver,Pat Davis,Pulse Unit provides innovative solutions for modern businesses. Our platform helps companies streamline operations and drive growth. Trusted by teams worldwide.,SMB
s679,Mint One,https://mint-one.io,180.1,466,cat13,SaaS,2019,327328,Singapore,Sydney,Cameron Jones,Mint One provides innovative solutions for modern businesses. Our platform helps companies streamline operations and drive growth. Trusted by teams worldwide.,Developer
s680,Frost Nexus,https://frost-nexus.io,222.8,446.9,cat13,SaaS,2020,205529999,USA,Singapore,Drew Davis,Frost Nexus provides innovative solutions for modern businesses. Our platform helps companies streamline operations and drive growth. Trusted by teams worldwide.,Developer
s681,Quantum Edge,https://quantum-edge.io,206.6,437.8,cat13,SaaS,2018,34080473,USA,Singapore,Emery Wilson,Quantum Edge provides innovative solutions for modern businesses. Our platform helps companies streamline operations and drive growth. Trusted by teams worldwide.,Consumer
s682,Stride Path,https://stride-path.io,208.6,431.6,cat13,SaaS,2019,153441618,France,Atlanta,Dakota Davis,Stride Path provides innovative solutions for modern businesses. Our platform helps companies streamline operations and drive growth. Trusted by teams worldwide.,Consumer
s683,Lens Logic,https://lens-logic.io,167.4,434,cat13,SaaS,2020,382155,USA,Berlin,Sam Brown,Lens Logic provides innovative solutions for modern businesses. Our platform helps companies streamline operations and drive growth. Trusted by teams worldwide.,Consumer
s684,Jade Code,https://jade-code.io,199.1,499.5,cat13,SaaS,2023,4149701,USA,Singapore,Taylor Taylor,Jade Code provides innovative solutions for modern businesses. Our platform helps companies streamline operations and drive growth. Trusted by teams worldwide.,SMB
s685,Pulse Lite,https://pulse-lite.io,153,436.2,cat13,SaaS,2020,61293982,USA,Singapore,Avery Moore,Pulse Lite provides innovative solutions for modern businesses. Our platform helps companies streamline operations and drive growth. Trusted by teams worldwide.,Developer
s686,Kite Path,https://kite-path.io,216.5,509.6,cat13,SaaS,2021,10290355,Canada,Berlin,Chris Moore,Kite Path provides innovative solutions for modern businesses. Our platform helps companies streamline operations and drive growth. Trusted by teams worldwide.,Consumer
s687,Stride Zone,https://stride-zone.io,222.6,456.2,cat13,SaaS,2022,189635883,USA,Atlanta,Robin Williams,Stride Zone provides innovative solutions for modern businesses. Our platform helps companies streamline operations and drive growth. Trusted by teams worldwide.,SMB
s688,Apex 360,https://apex-360.io,182.2,440,cat13,SaaS,2016,17188276,Netherlands,Sydney,Taylor Thomas,Apex 360 provides innovative solutions for modern businesses. Our platform helps companies streamline operations and drive growth. Trusted by teams worldwide.,SMB
s689,Warp Pulse,https://warp-pulse.io,192.3,464.6,cat13,SaaS,2018,165717265,USA,Seattle,Avery Taylor,Warp Pulse provides innovative solutions for modern businesses. Our platform helps companies streamline operations and drive growth. Trusted by teams worldwide.,Enterprise
s690,Bolt Forge,https://bolt-forge.io,170.8,471.3,cat13,SaaS,2021,79201653,USA,Berlin,Jamie Johnson,Bolt Forge provides innovative solutions for modern businesses. Our platform helps companies streamline operations and drive growth. Trusted by teams worldwide.,Consumer
s691,Terra Hub,https://terra-hub.io,225.7,466.1,cat13,SaaS,2023,33403869,USA,Los Angeles,Blake Miller,Terra Hub provides innovative solutions for modern businesses. Our platform helps companies streamline operations and drive growth. Trusted by teams worldwide.,SMB
s692,Bolt Port,https://bolt-port.io,163,473.9,cat13,SaaS,2017,617443,USA,Chicago,Jordan Miller,Bolt Port provides innovative solutions for modern businesses. Our platform helps companies streamline operations and drive growth. Trusted by teams worldwide.,Consumer
s693,Vault Base,https://vault-base.io,182,430,cat13,SaaS,2016,2702869,USA,Amsterdam,Cameron Brown,Vault Base provides innovative solutions for modern businesses. Our platform helps companies streamline operations and drive growth. Trusted by teams worldwide.,Developer
s694,Zenith Rise,https://zenith-rise.io,213,463.4,cat13,SaaS,2018,27323318,USA,Austin,Skyler Miller,Zenith Rise provides innovative solutions for modern businesses. Our platform helps companies streamline operations and drive growth. Trusted by teams worldwide.,Developer
s695,Atlas Plus,https://atlas-plus.io,189.3,469.1,cat13,SaaS,2018,141900122,Netherlands,Singapore,Taylor Rodriguez,Atlas Plus provides innovative solutions for modern businesses. Our platform helps companies streamline operations and drive growth. Trusted by teams worldwide.,Enterprise
s696,Forge 360,https://forge-360.io,200.7,439.8,cat13,SaaS,2020,2768651,Australia,Seattle,Sam White,Forge 360 provides innovative solutions for modern businesses. Our platform helps companies streamline operations and drive growth. Trusted by teams worldwide.,SMB
s697,Jade Yard,https://jade-yard.io,207.6,461.9,cat13,SaaS,2018,8525023,Netherlands,Sydney,Avery Anderson,Jade Yard provides innovative solutions for modern businesses. Our platform helps companies streamline operations and drive growth. Trusted by teams worldwide.,SMB
s698,Zenith Forge,https://zenith-forge.io,164.2,501.3,cat13,SaaS,2023,684472,Netherlands,Amsterdam,Quinn Wilson,Zenith Forge provides innovative solutions for modern businesses. Our platform helps companies streamline operations and drive growth. Trusted by teams worldwide.,Developer
s699,Nova Stack,https://nova-stack.io,203.5,432.4,cat13,SaaS,2018,583640,France,Singapore,Avery Thompson,Nova Stack provides innovative solutions for modern businesses. Our platform helps companies streamline operations and drive growth. Trusted by teams worldwide.,SMB
s700,Warp Labs,https://warp-labs.io,192.7,438.7,cat13,SaaS,2023,495572,USA,Los Angeles,Alex Martin,Warp Labs provides innovative solutions for modern businesses. Our platform helps companies streamline operations and drive growth. Trusted by teams worldwide.,SMB
s701,Bolt Go,https://bolt-go.io,168.7,446.2,cat13,SaaS,2018,37330274,USA,Toronto,Skyler Jackson,Bolt Go provides innovative solutions for modern businesses. Our platform helps companies streamline operations and drive growth. Trusted by teams worldwide.,Consumer
s702,Flux Sync,https://flux-sync.io,144.4,466.4,cat13,SaaS,2023,10500616,USA,Seattle,Finley Garcia,Flux Sync provides innovative solutions for modern businesses. Our platform helps companies streamline operations and drive growth. Trusted by teams worldwide.,Consumer
s703,Data Quest,https://data-quest.io,197.8,516.4,cat13,SaaS,2023,26604845,USA,Austin,Quinn Garcia,Data Quest provides innovative solutions for modern businesses. Our platform helps companies streamline operations and drive growth. Trusted by teams worldwide.,Consumer
s704,Prime Stack,https://prime-stack.io,201.4,446.9,cat13,SaaS,2018,256696,USA,Tel Aviv,Jamie Wilson,Prime Stack provides innovative solutions for modern businesses. Our platform helps companies streamline operations and drive growth. Trusted by teams worldwide.,SMB
s705,Quantum Pro,https://quantum-pro.io,179.9,471.4,cat13,SaaS,2020,116385792,Israel,Singapore,Avery Taylor,Quantum Pro provides innovative solutions for modern businesses. Our platform helps companies streamline operations and drive growth. Trusted by teams worldwide.,SMB
s706,Prism Wave,https://prism-wave.io,170.8,531.8,cat13,SaaS,2019,2223878,USA,Seattle,Sam Jones,Prism Wave provides innovative solutions for modern businesses. Our platform helps companies streamline operations and drive growth. Trusted by teams worldwide.,Enterprise
s707,Ember Bridge,https://ember-bridge.io,222.3,462.4,cat13,SaaS,2017,50146127,USA,San Francisco,Emery Thompson,Ember Bridge provides innovative solutions for modern businesses. Our platform helps companies streamline operations and drive growth. Trusted by teams worldwide.,Consumer
s708,Cipher Plus,https://cipher-plus.io,230.8,415.9,cat13,SaaS,2016,53012243,Australia,Miami,Dakota Davis,Cipher Plus provides innovative solutions for modern businesses. Our platform helps companies streamline operations and drive growth. Trusted by teams worldwide.,SMB
s709,Forge Port,https://forge-port.io,223.5,467,cat13,SaaS,2017,306508,USA,Seattle,Riley Jones,Forge Port provides innovative solutions for modern businesses. Our platform helps companies streamline operations and drive growth. Trusted by teams worldwide.,Consumer
s710,Vault X,https://vault-x.io,167.3,458.9,cat13,SaaS,2022,544978,UK,San Diego,Drew Thompson,Vault X provides innovative solutions for modern businesses. Our platform helps companies streamline operations and drive growth. Trusted by teams worldwide.,Consumer
s711,Forge Tech,https://forge-tech.io,201.3,420,cat13,SaaS,2021,70958024,Canada,Boston,Quinn Miller,Forge Tech provides innovative solutions for modern businesses. Our platform helps companies streamline operations and drive growth. Trusted by teams worldwide.,Consumer
s712,Flux Net,https://flux-net.io,212.3,437.9,cat13,SaaS,2016,452086,USA,San Francisco,Robin Anderson,Flux Net provides innovative solutions for modern businesses. Our platform helps companies streamline operations and drive growth. Trusted by teams worldwide.,Consumer
s713,Prism Data,https://prism-data.io,158.2,435.3,cat13,SaaS,2017,448642,Netherlands,Chicago,Drew Lee,Prism Data provides innovative solutions for modern businesses. Our platform helps companies streamline operations and drive growth. Trusted by teams worldwide.,Enterprise
s714,Lens Mesh,https://lens-mesh.io,175.3,470.1,cat13,SaaS,2020,67549875,Singapore,Toronto,Quinn Martinez,Lens Mesh provides innovative solutions for modern businesses. Our platform helps companies streamline operations and drive growth. Trusted by teams worldwide.,SMB
s715,Nova Signal,https://nova-signal.io,237.4,451.6,cat13,SaaS,2016,36536260,USA,Philadelphia,Cameron Anderson,Nova Signal provides innovative solutions for modern businesses. Our platform helps companies streamline operations and drive growth. Trusted by teams worldwide.,Developer
s716,Core Byte,https://core-byte.io,197.7,432.3,cat13,SaaS,2019,95962478,Australia,Singapore,Quinn Johnson,Core Byte provides innovative solutions for modern businesses. Our platform helps companies streamline operations and drive growth. Trusted by teams worldwide.,Consumer
s717,Flux Hub,https://flux-hub.io,134.4,427.8,cat13,SaaS,2016,33237661,France,Philadelphia,Finley Smith,Flux Hub provides innovative solutions for modern businesses. Our platform helps companies streamline operations and drive growth. Trusted by teams worldwide.,Consumer
s718,Prism X,https://prism-x.io,188.7,472.6,cat13,SaaS,2017,630105,Germany,Los Angeles,Quinn Rodriguez,Prism X provides innovative solutions for modern businesses. Our platform helps companies streamline operations and drive growth. Trusted by teams worldwide.,Enterprise
s719,Umbra Tide,https://umbra-tide.io,197.2,457.7,cat13,SaaS,2022,500243,USA,Portland,Avery Martin,Umbra Tide provides innovative solutions for modern businesses. Our platform helps companies streamline operations and drive growth. Trusted by teams worldwide.,SMB
s720,Forge Pulse,https://forge-pulse.io,234.1,424.6,cat13,SaaS,2017,1917528,Canada,Singapore,Pat Jackson,Forge Pulse provides innovative solutions for modern businesses. Our platform helps companies streamline operations and drive growth. Trusted by teams worldwide.,Developer
s721,Luma View,https://luma-view.io,110.5,110.1,float-1,Uncategorized,2016,64051461,Canada,Singapore,Dakota Martinez,Luma View provides innovative solutions for modern businesses. Our platform helps companies streamline operations and drive growth. Trusted by teams worldwide.,SMB
s722,Glint Wave,https://glint-wave.io,873.4,36.4,float-1,Uncategorized,2016,32683069,Germany,Tel Aviv,Chris Rodriguez,Glint Wave provides innovative solutions for modern businesses. Our platform helps companies streamline operations and drive growth. Trusted by teams worldwide.,Enterprise
s723,Iris Quest,https://iris-quest.io,44.5,80.2,float-2,Uncategorized,2023,376986,France,Berlin,Blake Martinez,Iris Quest provides innovative solutions for modern businesses. Our platform helps companies streamline operations and drive growth. Trusted by teams worldwide.,Developer
s724,Meridian Flow,https://meridian-flow.io,149,657,float-2,Uncategorized,2019,39286780,Germany,New York,Riley Taylor,Meridian Flow provides innovative solutions for modern businesses. Our platform helps companies streamline operations and drive growth. Trusted by teams worldwide.,Developer
s725,Kite Flow,https://kite-flow.io,163.5,105.2,float-3,Uncategorized,2023,1607166,Germany,San Francisco,Avery Brown,Kite Flow provides innovative solutions for modern businesses. Our platform helps companies streamline operations and drive growth. Trusted by teams worldwide.,Developer
s726,Vault Byte,https://vault-byte.io,510.4,826.9,float-3,Uncategorized,2016,118704857,USA,Los Angeles,Avery White,Vault Byte provides innovative solutions for modern businesses. Our platform helps companies streamline operations and drive growth. Trusted by teams worldwide.,Developer
s727,Meridian Forge,https://meridian-forge.io,29.8,771.5,float-4,Uncategorized,2021,20974187,USA,San Diego,Cameron Moore,Meridian Forge provides innovative solutions for modern businesses. Our platform helps companies streamline operations and drive growth. Trusted by teams worldwide.,Enterprise
s728,Sync Core,https://sync-core.io,845.2,683.8,float-4,Uncategorized,2017,2112919,Australia,Paris,Quinn Johnson,Sync Core provides innovative solutions for modern businesses. Our platform helps companies streamline operations and drive growth. Trusted by teams worldwide.,Enterprise
s729,Kite AI,https://kite-ai.io,890,753.6,float-5,Uncategorized,2020,561448,UK,Chicago,Morgan Jackson,Kite AI provides innovative solutions for modern businesses. Our platform helps companies streamline operations and drive growth. Trusted by teams worldwide.,Enterprise
s730,Vector Forge,https://vector-forge.io,424,185.1,float-5,Uncategorized,2017,49286562,USA,Tel Aviv,Jordan Jackson,Vector Forge provides innovative solutions for modern businesses. Our platform helps companies streamline operations and drive growth. Trusted by teams worldwide.,Consumer
s731,Prime Cloud,https://prime-cloud.io,812.1,406.2,float-6,Uncategorized,2017,118925331,Canada,San Diego,Emery Garcia,Prime Cloud provides innovative solutions for modern businesses. Our platform helps companies streamline operations and drive growth. Trusted by teams worldwide.,Consumer
s732,Echo Path,https://echo-path.io,406.4,667.8,float-6,Uncategorized,2021,88077642,USA,Singapore,Riley Davis,Echo Path provides innovative solutions for modern businesses. Our platform helps companies streamline operations and drive growth. Trusted by teams worldwide.,Enterprise
s733,Frost IQ,https://frost-iq.io,790.7,814.9,float-7,Uncategorized,2017,126739483,Germany,Denver,Avery Martinez,Frost IQ provides innovative solutions for modern businesses. Our platform helps companies streamline operations and drive growth. Trusted by teams worldwide.,SMB
s734,Iris Edge,https://iris-edge.io,46.5,87.8,float-7,Uncategorized,2016,25529900,USA,New York,Robin Williams,Iris Edge provides innovative solutions for modern businesses. Our platform helps companies streamline operations and drive growth. Trusted by teams worldwide.,Enterprise
s735,Echo 360,https://echo-360.io,282.3,469.9,float-8,Uncategorized,2018,1195331,Singapore,Los Angeles,Riley Jones,Echo 360 provides innovative solutions for modern businesses. Our platform helps companies streamline operations and drive growth. Trusted by teams worldwide.,Enterprise
s736,Smart Yard,https://smart-yard.io,321.9,150.6,float-8,Uncategorized,2016,75686076,USA,Portland,Casey Martinez,Smart Yard provides innovative solutions for modern businesses. Our platform helps companies streamline operations and drive growth. Trusted by teams worldwide.,Enterprise
s737,Glint Pro,https://glint-pro.io,807.4,379.8,float-9,Uncategorized,2020,9516076,USA,Sydney,Drew Davis,Glint Pro provides innovative solutions for modern businesses. Our platform helps companies streamline operations and drive growth. Trusted by teams worldwide.,SMB
s738,Zenith Logic,https://zenith-logic.io,156.4,889,float-9,Uncategorized,2017,31315669,USA,Sydney,Sam Jackson,Zenith Logic provides innovative solutions for modern businesses. Our platform helps companies streamline operations and drive growth. Trusted by teams worldwide.,Consumer
s739,Jade 360,https://jade-360.io,228.1,260,float-10,Uncategorized,2017,5321034,France,Tel Aviv,Emery Johnson,Jade 360 provides innovative solutions for modern businesses. Our platform helps companies streamline operations and drive growth. Trusted by teams worldwide.,Enterprise
s740,Core Tech,https://core-tech.io,742.1,21.4,float-10,Uncategorized,2016,390909,UK,Los Angeles,Alex Smith,Core Tech provides innovative solutions for modern businesses. Our platform helps companies streamline operations and drive growth. Trusted by teams worldwide.,Consumer
s741,Lens Signal,https://lens-signal.io,637.5,731.5,float-11,Uncategorized,2019,10420505,USA,Tel Aviv,Finley Lee,Lens Signal provides innovative solutions for modern businesses. Our platform helps companies streamline operations and drive growth. Trusted by teams worldwide.,SMB
s742,Iris Plus,https://iris-plus.io,801.3,222.2,float-11,Uncategorized,2021,1140917,France,Tel Aviv,Avery Brown,Iris Plus provides innovative solutions for modern businesses. Our platform helps companies streamline operations and drive growth. Trusted by teams worldwide.,Consumer
s743,Vertex Max,https://vertex-max.io,92.4,820.8,float-12,Uncategorized,2017,7615869,Netherlands,Los Angeles,Avery Jackson,Vertex Max provides innovative solutions for modern businesses. Our platform helps companies streamline operations and drive growth. Trusted by teams worldwide.,SMB
s744,Vault Cloud,https://vault-cloud.io,405.6,44.3,float-12,Uncategorized,2016,50971060,USA,Atlanta,Taylor Miller,Vault Cloud provides innovative solutions for modern businesses. Our platform helps companies streamline operations and drive growth. Trusted by teams worldwide.,Developer
s745,Terra Tech,https://terra-tech.io,816.2,595.8,float-13,Uncategorized,2019,465965,USA,Austin,Drew Taylor,Terra Tech provides innovative solutions for modern businesses. Our platform helps companies streamline operations and drive growth. Trusted by teams worldwide.,Enterprise
s746,Meridian Stack,https://meridian-stack.io,498.5,756.7,float-13,Uncategorized,2021,22353063,Canada,Boston,Pat Lee,Meridian Stack provides innovative solutions for modern businesses. Our platform helps companies streamline operations and drive growth. Trusted by teams worldwide.,SMB
s747,Vault Sync,https://vault-sync.io,105.7,720,float-14,Uncategorized,2018,23174529,Singapore,Toronto,Dakota White,Vault Sync provides innovative solutions for modern businesses. Our platform helps companies streamline operations and drive growth. Trusted by teams worldwide.,SMB
s748,Lattice Base,https://lattice-base.io,707.2,331.5,float-14,Uncategorized,2022,191847771,France,Denver,Finley Lee,Lattice Base provides innovative solutions for modern businesses. Our platform helps companies streamline operations and drive growth. Trusted by teams worldwide.,Enterprise
s749,Frost Tech,https://frost-tech.io,717.2,487.9,float-15,Uncategorized,2019,187421341,Netherlands,New York,Jamie Thomas,Frost Tech provides innovative solutions for modern businesses. Our platform helps companies streamline operations and drive growth. Trusted by teams worldwide.,SMB
s750,Luma Now,https://luma-now.io,841.2,743,float-15,Uncategorized,2021,4168975,Netherlands,Tel Aviv,Riley Davis,Luma Now provides innovative solutions for modern businesses. Our platform helps companies streamline operations and drive growth. Trusted by teams worldwide.,Consumer
s751,Jade Cloud,https://jade-cloud.io,400.4,698.3,float-16,Uncategorized,2018,2494435,USA,Austin,Chris Johnson,Jade Cloud provides innovative solutions for modern businesses. Our platform helps companies streamline operations and drive growth. Trusted by teams worldwide.,Developer
s752,Nexus Tech,https://nexus-tech.io,114.7,656.4,float-16,Uncategorized,2019,19963353,USA,Philadelphia,Drew Anderson,Nexus Tech provides innovative solutions for modern businesses. Our platform helps companies streamline operations and drive growth. Trusted by teams worldwide.,Enterprise
s753,Pulse Node,https://pulse-node.io,91.4,647,float-17,Uncategorized,2022,1706160,Canada,Tel Aviv,Emery Rodriguez,Pulse Node provides innovative solutions for modern businesses. Our platform helps companies streamline operations and drive growth. Trusted by teams worldwide.,Consumer
s754,Forge Wave,https://forge-wave.io,122.7,288.1,float-17,Uncategorized,2023,687216,Netherlands,Miami,Jamie Jackson,Forge Wave provides innovative solutions for modern businesses. Our platform helps companies streamline operations and drive growth. Trusted by teams worldwide.,Developer
s755,Lens Tide,https://lens-tide.io,763.5,796.5,float-18,Uncategorized,2019,116789564,USA,New York,Drew Rodriguez,Lens Tide provides innovative solutions for modern businesses. Our platform helps companies streamline operations and drive growth. Trusted by teams worldwide.,Enterprise
s756,Prism Tide,https://prism-tide.io,447.5,815.2,float-18,Uncategorized,2018,192846722,USA,Los Angeles,Riley Williams,Prism Tide provides innovative solutions for modern businesses. Our platform helps companies streamline operations and drive growth. Trusted by teams worldwide.,Developer
s757,Core Bridge,https://core-bridge.io,859.2,525.1,float-19,Uncategorized,2018,24914344,Singapore,San Diego,Quinn Wilson,Core Bridge provides innovative solutions for modern businesses. Our platform helps companies streamline operations and drive growth. Trusted by teams worldwide.,SMB
s758,Haven Zone,https://haven-zone.io,333.5,824.2,float-19,Uncategorized,2016,2218612,Singapore,Portland,Alex Williams,Haven Zone provides innovative solutions for modern businesses. Our platform helps companies streamline operations and drive growth. Trusted by teams worldwide.,Enterprise
s759,Yield View,https://yield-view.io,727.9,689.7,float-20,Uncategorized,2019,92243917,USA,Berlin,Avery Martinez,Yield View provides innovative solutions for modern businesses. Our platform helps companies streamline operations and drive growth. Trusted by teams worldwide.,SMB
s760,Vertex Rise,https://vertex-rise.io,789.9,879.2,float-20,Uncategorized,2016,37031742,Australia,Sydney,Robin Thomas,Vertex Rise provides innovative solutions for modern businesses. Our platform helps companies streamline operations and drive growth. Trusted by teams worldwide.,Consumer
s761,Echo Base,https://echo-base.io,752.8,696.7,float-21,Uncategorized,2019,1771148,USA,Sydney,Robin Martinez,Echo Base provides innovative solutions for modern businesses. Our platform helps companies streamline operations and drive growth. Trusted by teams worldwide.,Enterprise
s762,Nexus Max,https://nexus-max.io,871.9,805.4,float-21,Uncategorized,2020,27440126,Netherlands,Singapore,Jamie Jackson,Nexus Max provides innovative solutions for modern businesses. Our platform helps companies streamline operations and drive growth. Trusted by teams worldwide.,Developer
s763,Flow Yard,https://flow-yard.io,11,264.6,float-22,Uncategorized,2020,101293863,Netherlands,New York,Sam Taylor,Flow Yard provides innovative solutions for modern businesses. Our platform helps companies streamline operations and drive growth. Trusted by teams worldwide.,SMB
s764,Sync Data,https://sync-data.io,862.7,872.5,float-22,Uncategorized,2016,58425499,USA,San Francisco,Avery Moore,Sync Data provides innovative solutions for modern businesses. Our platform helps companies streamline operations and drive growth. Trusted by teams worldwide.,Consumer
s765,Flux Logic,https://flux-logic.io,347.3,279.4,float-23,Uncategorized,2022,714304,Canada,Miami,Cameron Martinez,Flux Logic provides innovative solutions for modern businesses. Our platform helps companies streamline operations and drive growth. Trusted by teams worldwide.,Enterprise
s766,Vector Go,https://vector-go.io,264,264.5,float-23,Uncategorized,2020,134564962,UK,Austin,Cameron White,Vector Go provides innovative solutions for modern businesses. Our platform helps companies streamline operations and drive growth. Trusted by teams worldwide.,Developer
s767,Zephyr Labs,https://zephyr-labs.io,658.1,702.9,float-24,Uncategorized,2019,1363135,USA,San Francisco,Alex Thompson,Zephyr Labs provides innovative solutions for modern businesses. Our platform helps companies streamline operations and drive growth. Trusted by teams worldwide.,Developer
s768,Glint Nexus,https://glint-nexus.io,36.8,106.3,float-24,Uncategorized,2019,23826258,USA,New York,Avery White,Glint Nexus provides innovative solutions for modern businesses. Our platform helps companies streamline operations and drive growth. Trusted by teams worldwide.,SMB
s769,Prism Tech,https://prism-tech.io,93.6,1.4,float-25,Uncategorized,2016,2124478,Singapore,Portland,Taylor Thomas,Prism Tech provides innovative solutions for modern businesses. Our platform helps companies streamline operations and drive growth. Trusted by teams worldwide.,SMB
s770,Ember Zone,https://ember-zone.io,206.1,303.8,float-25,Uncategorized,2021,133154372,UK,Chicago,Riley Anderson,Ember Zone provides innovative solutions for modern businesses. Our platform helps companies streamline operations and drive growth. Trusted by teams worldwide.,Developer
s771,Bolt Byte,https://bolt-byte.io,665.8,384.1,float-26,Uncategorized,2021,6530686,USA,San Francisco,Alex Taylor,Bolt Byte provides innovative solutions for modern businesses. Our platform helps companies streamline operations and drive growth. Trusted by teams worldwide.,Consumer
s772,Vertex Tide,https://vertex-tide.io,607.5,113.2,float-26,Uncategorized,2023,715742,USA,Berlin,Drew Williams,Vertex Tide provides innovative solutions for modern businesses. Our platform helps companies streamline operations and drive growth. Trusted by teams worldwide.,Consumer
s773,Acme Yard,https://acme-yard.io,773.3,733.4,float-27,Uncategorized,2021,69936917,USA,Denver,Jamie Williams,Acme Yard provides innovative solutions for modern businesses. Our platform helps companies streamline operations and drive growth. Trusted by teams worldwide.,Developer
s774,Flow Pro,https://flow-pro.io,673.6,898.6,float-27,Uncategorized,2019,4575893,Singapore,Philadelphia,Dakota Wilson,Flow Pro provides innovative solutions for modern businesses. Our platform helps companies streamline operations and drive growth. Trusted by teams worldwide.,Consumer
s775,Lattice Grid,https://lattice-grid.io,630.8,155.1,float-28,Uncategorized,2022,11202275,USA,Seattle,Jamie Martinez,Lattice Grid provides innovative solutions for modern businesses. Our platform helps companies streamline operations and drive growth. Trusted by teams worldwide.,SMB
s776,Data Grid,https://data-grid.io,452.2,795.2,float-28,Uncategorized,2017,493200,USA,Chicago,Pat Miller,Data Grid provides innovative solutions for modern businesses. Our platform helps companies streamline operations and drive growth. Trusted by teams worldwide.,Consumer
s777,Mint Lite,https://mint-lite.io,568.1,478.7,float-29,Uncategorized,2023,26114580,Israel,Chicago,Finley Taylor,Mint Lite provides innovative solutions for modern businesses. Our platform helps companies streamline operations and drive growth. Trusted by teams worldwide.,Developer
s778,Acme Plus,https://acme-plus.io,693.6,77.6,float-29,Uncategorized,2018,731097,USA,Atlanta,Alex Johnson,Acme Plus provides innovative solutions for modern businesses. Our platform helps companies streamline operations and drive growth. Trusted by teams worldwide.,Enterprise
s779,Flow One,https://flow-one.io,115.4,361.3,float-30,Uncategorized,2022,39090029,USA,Austin,Taylor Davis,Flow One provides innovative solutions for modern businesses. Our platform helps companies streamline operations and drive growth. Trusted by teams worldwide.,Consumer
s780,Atlas Bridge,https://atlas-bridge.io,602.6,747.7,float-30,Uncategorized,2019,10637129,Australia,Los Angeles,Emery Johnson,Atlas Bridge provides innovative solutions for modern businesses. Our platform helps companies streamline operations and drive growth. Trusted by teams worldwide.,SMB
s781,Kite Labs,https://kite-labs.io,348,660.9,float-31,Uncategorized,2021,28042184,Canada,London,Casey Martin,Kite Labs provides innovative solutions for modern businesses. Our platform helps companies streamline operations and drive growth. Trusted by teams worldwide.,Enterprise
s782,Terra Link,https://terra-link.io,261.4,850.5,float-31,Uncategorized,2018,1341568,USA,Singapore,Emery Davis,Terra Link provides innovative solutions for modern businesses. Our platform helps companies streamline operations and drive growth. Trusted by teams worldwide.,SMB
s783,Jade Link,https://jade-link.io,165.1,896.5,float-32,Uncategorized,2018,2670093,USA,San Diego,Skyler Johnson,Jade Link provides innovative solutions for modern businesses. Our platform helps companies streamline operations and drive growth. Trusted by teams worldwide.,Enterprise
s784,Crest Node,https://crest-node.io,710.3,473.7,float-32,Uncategorized,2019,517618,USA,Tel Aviv,Morgan Williams,Crest Node provides innovative solutions for modern businesses. Our platform helps companies streamline operations and drive growth. Trusted by teams worldwide.,Enterprise
s785,Orbit Pro,https://orbit-pro.io,549.5,858.1,float-33,Uncategorized,2016,10309059,USA,Denver,Robin Miller,Orbit Pro provides innovative solutions for modern businesses. Our platform helps companies streamline operations and drive growth. Trusted by teams worldwide.,SMB
s786,Acme IQ,https://acme-iq.io,856.1,425.2,float-33,Uncategorized,2021,31606373,USA,Austin,Riley Lee,Acme IQ provides innovative solutions for modern businesses. Our platform helps companies streamline operations and drive growth. Trusted by teams worldwide.,Enterprise
s787,Atlas Hub,https://atlas-hub.io,591.4,298.3,float-34,Uncategorized,2017,17481433,UK,Sydney,Finley Miller,Atlas Hub provides innovative solutions for modern businesses. Our platform helps companies streamline operations and drive growth. Trusted by teams worldwide.,Consumer
s788,Vertex Net,https://vertex-net.io,70.8,378.4,float-34,Uncategorized,2020,79257860,France,Toronto,Chris Lee,Vertex Net provides innovative solutions for modern businesses. Our platform helps companies streamline operations and drive growth. Trusted by teams worldwide.,SMB
s789,Jade Mesh,https://jade-mesh.io,438.6,707.3,float-35,Uncategorized,2023,30535731,USA,Toronto,Casey Rodriguez,Jade Mesh provides innovative solutions for modern businesses. Our platform helps companies streamline operations and drive growth. Trusted by teams worldwide.,Consumer
s790,Pulse Sync,https://pulse-sync.io,592.7,806.8,float-35,Uncategorized,2018,31495548,Canada,Berlin,Riley Martin,Pulse Sync provides innovative solutions for modern businesses. Our platform helps companies streamline operations and drive growth. Trusted by teams worldwide.,Consumer
s791,Flow Max,https://flow-max.io,789.3,101.8,float-36,Uncategorized,2017,7658156,Netherlands,Berlin,Pat Moore,Flow Max provides innovative solutions for modern businesses. Our platform helps companies streamline operations and drive growth. Trusted by teams worldwide.,Developer
s792,Echo Vault,https://echo-vault.io,373.8,778.9,float-36,Uncategorized,2023,1142169,Canada,Atlanta,Alex Miller,Echo Vault provides innovative solutions for modern businesses. Our platform helps companies streamline operations and drive growth. Trusted by teams worldwide.,SMB
s793,Smart AI,https://smart-ai.io,833.2,47.7,float-37,Uncategorized,2019,106056718,USA,Denver,Skyler Martin,Smart AI provides innovative solutions for modern businesses. Our platform helps companies streamline operations and drive growth. Trusted by teams worldwide.,Developer
s794,Bolt One,https://bolt-one.io,169.2,121.3,float-37,Uncategorized,2018,472819,Israel,Denver,Skyler Johnson,Bolt One provides innovative solutions for modern businesses. Our platform helps companies streamline operations and drive growth. Trusted by teams worldwide.,Enterprise
s795,Spark Lite,https://spark-lite.io,725,459.7,float-38,Uncategorized,2017,7137485,Canada,Singapore,Blake Brown,Spark Lite provides innovative solutions for modern businesses. Our platform helps companies streamline operations and drive growth. Trusted by teams worldwide.,Enterprise
s796,Atlas Edge,https://atlas-edge.io,374,212.6,float-38,Uncategorized,2020,171342748,Netherlands,Portland,Drew Garcia,Atlas Edge provides innovative solutions for modern businesses. Our platform helps companies streamline operations and drive growth. Trusted by teams worldwide.,Developer
s797,Forge Lite,https://forge-lite.io,570.3,778.9,float-39,Uncategorized,2019,69769903,USA,Portland,Alex Wilson,Forge Lite provides innovative solutions for modern businesses. Our platform helps companies streamline operations and drive growth. Trusted by teams worldwide.,Developer
s798,Luma Yard,https://luma-yard.io,518.9,97.3,float-39,Uncategorized,2021,125367077,Australia,Seattle,Chris Williams,Luma Yard provides innovative solutions for modern businesses. Our platform helps companies streamline operations and drive growth. Trusted by teams worldwide.,Developer
s799,Yield Forge,https://yield-forge.io,19.1,394.9,float-40,Uncategorized,2017,300577,Germany,London,Jordan Jackson,Yield Forge provides innovative solutions for modern businesses. Our platform helps companies streamline operations and drive growth. Trusted by teams worldwide.,SMB
s800,Tech Zone,https://tech-zone.io,590.2,88.6,float-40,Uncategorized,2016,21621039,USA,Boston,Avery Martin,Tech Zone provides innovative solutions for modern businesses. Our platform helps companies streamline operations and drive growth. Trusted by teams worldwide.,Developer