category_id,category_name,category_description,parent_category_id,level
cat1,Autonomous Defense Systems,"Startups in autonomous defense systems develop unmanned platforms for air, land, and sea operations. These include autonomous drones, robotic ground vehicles, and naval unmanned vessels. The focus is on reducing human exposure in high-risk environments. Many companies integrate AI-based navigation and target recognition. Dual-use applications extend into disaster response and border security. This category is central to next-generation battlefield modernization.",,1
cat1-1,Unmanned Aerial Systems (UAS),"This sub-category sits within Autonomous Defense Systems and captures a focused capability area for startup scouting. Startups here typically ship deployable subsystems, software modules, or platform components rather than full end-to-end solutions. Key differentiators often include robustness in contested environments, low SWaP constraints, and integration-readiness. Commercial spillover into aerospace, robotics, and critical infrastructure is common. This grouping enables more precise search, filtering, and competitive mapping inside the parent category. It is intended to surface concentrated pockets of innovation and funding momentum.",cat1,2
cat1-1-1,Tactical ISR Drones,"This micro-category is a specific startup lane under Unmanned Aerial Systems (UAS). Companies usually focus on a narrow technical wedge or product module with clear performance metrics. Typical requirements include high reliability, secure operation, and rapid integration with existing systems. These startups are useful for early signal detection and partnership or acquisition scanning. Dual-use applications can extend into industrial automation, security, or aerospace markets. This label is designed for high-zoom exploration and fine-grained clustering.",cat1-1,3
cat1-1-2,Autonomous Swarm Drones,"This micro-category is a specific startup lane under Unmanned Aerial Systems (UAS). Companies usually focus on a narrow technical wedge or product module with clear performance metrics. Typical requirements include high reliability, secure operation, and rapid integration with existing systems. These startups are useful for early signal detection and partnership or acquisition scanning. Dual-use applications can extend into industrial automation, security, or aerospace markets. This label is designed for high-zoom exploration and fine-grained clustering.",cat1-1,3
cat1-1-3,Counter-UAS Platforms,"This micro-category is a specific startup lane under Unmanned Aerial Systems (UAS). Companies usually focus on a narrow technical wedge or product module with clear performance metrics. Typical requirements include high reliability, secure operation, and rapid integration with existing systems. These startups are useful for early signal detection and partnership or acquisition scanning. Dual-use applications can extend into industrial automation, security, or aerospace markets. This label is designed for high-zoom exploration and fine-grained clustering.",cat1-1,3
cat1-2,Autonomous Ground Vehicles,"This sub-category sits within Autonomous Defense Systems and captures a focused capability area for startup scouting. Startups here typically ship deployable subsystems, software modules, or platform components rather than full end-to-end solutions. Key differentiators often include robustness in contested environments, low SWaP constraints, and integration-readiness. Commercial spillover into aerospace, robotics, and critical infrastructure is common. This grouping enables more precise search, filtering, and competitive mapping inside the parent category. It is intended to surface concentrated pockets of innovation and funding momentum.",cat1,2
cat1-2-1,Reconnaissance UGVs,"This micro-category is a specific startup lane under Autonomous Ground Vehicles. Companies usually focus on a narrow technical wedge or product module with clear performance metrics. Typical requirements include high reliability, secure operation, and rapid integration with existing systems. These startups are useful for early signal detection and partnership or acquisition scanning. Dual-use applications can extend into industrial automation, security, or aerospace markets. This label is designed for high-zoom exploration and fine-grained clustering.",cat1-2,3
cat1-2-2,Logistics & Resupply Robotics,"This micro-category is a specific startup lane under Autonomous Ground Vehicles. Companies usually focus on a narrow technical wedge or product module with clear performance metrics. Typical requirements include high reliability, secure operation, and rapid integration with existing systems. These startups are useful for early signal detection and partnership or acquisition scanning. Dual-use applications can extend into industrial automation, security, or aerospace markets. This label is designed for high-zoom exploration and fine-grained clustering.",cat1-2,3
cat1-2-3,Combat Support Vehicles,"This micro-category is a specific startup lane under Autonomous Ground Vehicles. Companies usually focus on a narrow technical wedge or product module with clear performance metrics. Typical requirements include high reliability, secure operation, and rapid integration with existing systems. These startups are useful for early signal detection and partnership or acquisition scanning. Dual-use applications can extend into industrial automation, security, or aerospace markets. This label is designed for high-zoom exploration and fine-grained clustering.",cat1-2,3
cat1-3,Maritime Autonomous Systems,"This sub-category sits within Autonomous Defense Systems and captures a focused capability area for startup scouting. Startups here typically ship deployable subsystems, software modules, or platform components rather than full end-to-end solutions. Key differentiators often include robustness in contested environments, low SWaP constraints, and integration-readiness. Commercial spillover into aerospace, robotics, and critical infrastructure is common. This grouping enables more precise search, filtering, and competitive mapping inside the parent category. It is intended to surface concentrated pockets of innovation and funding momentum.",cat1,2
cat1-3-1,Unmanned Surface Vessels,"This micro-category is a specific startup lane under Maritime Autonomous Systems. Companies usually focus on a narrow technical wedge or product module with clear performance metrics. Typical requirements include high reliability, secure operation, and rapid integration with existing systems. These startups are useful for early signal detection and partnership or acquisition scanning. Dual-use applications can extend into industrial automation, security, or aerospace markets. This label is designed for high-zoom exploration and fine-grained clustering.",cat1-3,3
cat1-3-2,Autonomous Underwater Vehicles,"This micro-category is a specific startup lane under Maritime Autonomous Systems. Companies usually focus on a narrow technical wedge or product module with clear performance metrics. Typical requirements include high reliability, secure operation, and rapid integration with existing systems. These startups are useful for early signal detection and partnership or acquisition scanning. Dual-use applications can extend into industrial automation, security, or aerospace markets. This label is designed for high-zoom exploration and fine-grained clustering.",cat1-3,3
cat1-3-3,Port & Coastal Security Drones,"This micro-category is a specific startup lane under Maritime Autonomous Systems. Companies usually focus on a narrow technical wedge or product module with clear performance metrics. Typical requirements include high reliability, secure operation, and rapid integration with existing systems. These startups are useful for early signal detection and partnership or acquisition scanning. Dual-use applications can extend into industrial automation, security, or aerospace markets. This label is designed for high-zoom exploration and fine-grained clustering.",cat1-3,3
cat10,Hypersonic & Advanced Propulsion,This category includes startups working on advanced propulsion and hypersonic technologies. Innovations focus on high-speed flight systems and next-generation missile technologies. Research areas include materials resilience and propulsion efficiency. Some technologies extend to aerospace and commercial space travel. The sector is highly strategic and technologically demanding. Advanced propulsion is central to maintaining defense superiority.,,1
cat10-1,Hypersonic Vehicles,"This sub-category sits within Hypersonic & Advanced Propulsion and captures a focused capability area for startup scouting. Startups here typically ship deployable subsystems, software modules, or platform components rather than full end-to-end solutions. Key differentiators often include robustness in contested environments, low SWaP constraints, and integration-readiness. Commercial spillover into aerospace, robotics, and critical infrastructure is common. This grouping enables more precise search, filtering, and competitive mapping inside the parent category. It is intended to surface concentrated pockets of innovation and funding momentum.",cat10,2
cat10-1-1,Glide Vehicles,"This micro-category is a specific startup lane under Hypersonic Vehicles. Companies usually focus on a narrow technical wedge or product module with clear performance metrics. Typical requirements include high reliability, secure operation, and rapid integration with existing systems. These startups are useful for early signal detection and partnership or acquisition scanning. Dual-use applications can extend into industrial automation, security, or aerospace markets. This label is designed for high-zoom exploration and fine-grained clustering.",cat10-1,3
cat10-1-2,Hypersonic Cruise Systems,"This micro-category is a specific startup lane under Hypersonic Vehicles. Companies usually focus on a narrow technical wedge or product module with clear performance metrics. Typical requirements include high reliability, secure operation, and rapid integration with existing systems. These startups are useful for early signal detection and partnership or acquisition scanning. Dual-use applications can extend into industrial automation, security, or aerospace markets. This label is designed for high-zoom exploration and fine-grained clustering.",cat10-1,3
cat10-1-3,Advanced Control Systems,"This micro-category is a specific startup lane under Hypersonic Vehicles. Companies usually focus on a narrow technical wedge or product module with clear performance metrics. Typical requirements include high reliability, secure operation, and rapid integration with existing systems. These startups are useful for early signal detection and partnership or acquisition scanning. Dual-use applications can extend into industrial automation, security, or aerospace markets. This label is designed for high-zoom exploration and fine-grained clustering.",cat10-1,3
cat10-2,Advanced Propulsion Systems,"This sub-category sits within Hypersonic & Advanced Propulsion and captures a focused capability area for startup scouting. Startups here typically ship deployable subsystems, software modules, or platform components rather than full end-to-end solutions. Key differentiators often include robustness in contested environments, low SWaP constraints, and integration-readiness. Commercial spillover into aerospace, robotics, and critical infrastructure is common. This grouping enables more precise search, filtering, and competitive mapping inside the parent category. It is intended to surface concentrated pockets of innovation and funding momentum.",cat10,2
cat10-2-1,Scramjet Technologies,"This micro-category is a specific startup lane under Advanced Propulsion Systems. Companies usually focus on a narrow technical wedge or product module with clear performance metrics. Typical requirements include high reliability, secure operation, and rapid integration with existing systems. These startups are useful for early signal detection and partnership or acquisition scanning. Dual-use applications can extend into industrial automation, security, or aerospace markets. This label is designed for high-zoom exploration and fine-grained clustering.",cat10-2,3
cat10-2-2,Electric Propulsion,"This micro-category is a specific startup lane under Advanced Propulsion Systems. Companies usually focus on a narrow technical wedge or product module with clear performance metrics. Typical requirements include high reliability, secure operation, and rapid integration with existing systems. These startups are useful for early signal detection and partnership or acquisition scanning. Dual-use applications can extend into industrial automation, security, or aerospace markets. This label is designed for high-zoom exploration and fine-grained clustering.",cat10-2,3
cat10-2-3,High-Efficiency Turbines,"This micro-category is a specific startup lane under Advanced Propulsion Systems. Companies usually focus on a narrow technical wedge or product module with clear performance metrics. Typical requirements include high reliability, secure operation, and rapid integration with existing systems. These startups are useful for early signal detection and partnership or acquisition scanning. Dual-use applications can extend into industrial automation, security, or aerospace markets. This label is designed for high-zoom exploration and fine-grained clustering.",cat10-2,3
cat10-3,Advanced Materials & Heat Shielding,"This sub-category sits within Hypersonic & Advanced Propulsion and captures a focused capability area for startup scouting. Startups here typically ship deployable subsystems, software modules, or platform components rather than full end-to-end solutions. Key differentiators often include robustness in contested environments, low SWaP constraints, and integration-readiness. Commercial spillover into aerospace, robotics, and critical infrastructure is common. This grouping enables more precise search, filtering, and competitive mapping inside the parent category. It is intended to surface concentrated pockets of innovation and funding momentum.",cat10,2
cat10-3-1,Thermal Protection Systems,"This micro-category is a specific startup lane under Advanced Materials & Heat Shielding. Companies usually focus on a narrow technical wedge or product module with clear performance metrics. Typical requirements include high reliability, secure operation, and rapid integration with existing systems. These startups are useful for early signal detection and partnership or acquisition scanning. Dual-use applications can extend into industrial automation, security, or aerospace markets. This label is designed for high-zoom exploration and fine-grained clustering.",cat10-3,3
cat10-3-2,High-Temperature Alloys,"This micro-category is a specific startup lane under Advanced Materials & Heat Shielding. Companies usually focus on a narrow technical wedge or product module with clear performance metrics. Typical requirements include high reliability, secure operation, and rapid integration with existing systems. These startups are useful for early signal detection and partnership or acquisition scanning. Dual-use applications can extend into industrial automation, security, or aerospace markets. This label is designed for high-zoom exploration and fine-grained clustering.",cat10-3,3
cat10-3-3,Composite Structural Materials,"This micro-category is a specific startup lane under Advanced Materials & Heat Shielding. Companies usually focus on a narrow technical wedge or product module with clear performance metrics. Typical requirements include high reliability, secure operation, and rapid integration with existing systems. These startups are useful for early signal detection and partnership or acquisition scanning. Dual-use applications can extend into industrial automation, security, or aerospace markets. This label is designed for high-zoom exploration and fine-grained clustering.",cat10-3,3
cat11,Border & Homeland Security Tech,"Border and homeland security startups develop surveillance and monitoring solutions. Technologies include biometric systems, perimeter detection, and smart fencing. AI enhances anomaly detection across large geographic areas. Civilian agencies and infrastructure operators also adopt these tools. The solutions bridge military and domestic security use cases. The category enhances national resilience and threat prevention.",,1
cat11-1,Smart Border Systems,"This sub-category sits within Border & Homeland Security Tech and captures a focused capability area for startup scouting. Startups here typically ship deployable subsystems, software modules, or platform components rather than full end-to-end solutions. Key differentiators often include robustness in contested environments, low SWaP constraints, and integration-readiness. Commercial spillover into aerospace, robotics, and critical infrastructure is common. This grouping enables more precise search, filtering, and competitive mapping inside the parent category. It is intended to surface concentrated pockets of innovation and funding momentum.",cat11,2
cat11-1-1,Perimeter Detection Sensors,"This micro-category is a specific startup lane under Smart Border Systems. Companies usually focus on a narrow technical wedge or product module with clear performance metrics. Typical requirements include high reliability, secure operation, and rapid integration with existing systems. These startups are useful for early signal detection and partnership or acquisition scanning. Dual-use applications can extend into industrial automation, security, or aerospace markets. This label is designed for high-zoom exploration and fine-grained clustering.",cat11-1,3
cat11-1-2,Smart Fencing Systems,"This micro-category is a specific startup lane under Smart Border Systems. Companies usually focus on a narrow technical wedge or product module with clear performance metrics. Typical requirements include high reliability, secure operation, and rapid integration with existing systems. These startups are useful for early signal detection and partnership or acquisition scanning. Dual-use applications can extend into industrial automation, security, or aerospace markets. This label is designed for high-zoom exploration and fine-grained clustering.",cat11-1,3
cat11-1-3,Automated Patrol Systems,"This micro-category is a specific startup lane under Smart Border Systems. Companies usually focus on a narrow technical wedge or product module with clear performance metrics. Typical requirements include high reliability, secure operation, and rapid integration with existing systems. These startups are useful for early signal detection and partnership or acquisition scanning. Dual-use applications can extend into industrial automation, security, or aerospace markets. This label is designed for high-zoom exploration and fine-grained clustering.",cat11-1,3
cat11-2,Biometric & Identity Systems,"This sub-category sits within Border & Homeland Security Tech and captures a focused capability area for startup scouting. Startups here typically ship deployable subsystems, software modules, or platform components rather than full end-to-end solutions. Key differentiators often include robustness in contested environments, low SWaP constraints, and integration-readiness. Commercial spillover into aerospace, robotics, and critical infrastructure is common. This grouping enables more precise search, filtering, and competitive mapping inside the parent category. It is intended to surface concentrated pockets of innovation and funding momentum.",cat11,2
cat11-2-1,Facial Recognition,"This micro-category is a specific startup lane under Biometric & Identity Systems. Companies usually focus on a narrow technical wedge or product module with clear performance metrics. Typical requirements include high reliability, secure operation, and rapid integration with existing systems. These startups are useful for early signal detection and partnership or acquisition scanning. Dual-use applications can extend into industrial automation, security, or aerospace markets. This label is designed for high-zoom exploration and fine-grained clustering.",cat11-2,3
cat11-2-2,Multimodal Biometrics,"This micro-category is a specific startup lane under Biometric & Identity Systems. Companies usually focus on a narrow technical wedge or product module with clear performance metrics. Typical requirements include high reliability, secure operation, and rapid integration with existing systems. These startups are useful for early signal detection and partnership or acquisition scanning. Dual-use applications can extend into industrial automation, security, or aerospace markets. This label is designed for high-zoom exploration and fine-grained clustering.",cat11-2,3
cat11-2-3,Secure Identity Verification,"This micro-category is a specific startup lane under Biometric & Identity Systems. Companies usually focus on a narrow technical wedge or product module with clear performance metrics. Typical requirements include high reliability, secure operation, and rapid integration with existing systems. These startups are useful for early signal detection and partnership or acquisition scanning. Dual-use applications can extend into industrial automation, security, or aerospace markets. This label is designed for high-zoom exploration and fine-grained clustering.",cat11-2,3
cat11-3,Critical Infrastructure Protection,"This sub-category sits within Border & Homeland Security Tech and captures a focused capability area for startup scouting. Startups here typically ship deployable subsystems, software modules, or platform components rather than full end-to-end solutions. Key differentiators often include robustness in contested environments, low SWaP constraints, and integration-readiness. Commercial spillover into aerospace, robotics, and critical infrastructure is common. This grouping enables more precise search, filtering, and competitive mapping inside the parent category. It is intended to surface concentrated pockets of innovation and funding momentum.",cat11,2
cat11-3-1,Facility Surveillance Systems,"This micro-category is a specific startup lane under Critical Infrastructure Protection. Companies usually focus on a narrow technical wedge or product module with clear performance metrics. Typical requirements include high reliability, secure operation, and rapid integration with existing systems. These startups are useful for early signal detection and partnership or acquisition scanning. Dual-use applications can extend into industrial automation, security, or aerospace markets. This label is designed for high-zoom exploration and fine-grained clustering.",cat11-3,3
cat11-3-2,Intrusion Detection Platforms,"This micro-category is a specific startup lane under Critical Infrastructure Protection. Companies usually focus on a narrow technical wedge or product module with clear performance metrics. Typical requirements include high reliability, secure operation, and rapid integration with existing systems. These startups are useful for early signal detection and partnership or acquisition scanning. Dual-use applications can extend into industrial automation, security, or aerospace markets. This label is designed for high-zoom exploration and fine-grained clustering.",cat11-3,3
cat11-3-3,Resilience Monitoring Systems,"This micro-category is a specific startup lane under Critical Infrastructure Protection. Companies usually focus on a narrow technical wedge or product module with clear performance metrics. Typical requirements include high reliability, secure operation, and rapid integration with existing systems. These startups are useful for early signal detection and partnership or acquisition scanning. Dual-use applications can extend into industrial automation, security, or aerospace markets. This label is designed for high-zoom exploration and fine-grained clustering.",cat11-3,3
cat12,Defense Simulation & Training,"Defense simulation startups build training environments using VR, AR, and digital twins. These tools allow military personnel to train in realistic virtual scenarios. Simulation reduces costs and risk compared to live exercises. AI-driven feedback enhances training outcomes. Similar systems are applied in aviation and emergency response training. The category supports readiness and operational preparedness.",,1
cat12-1,Virtual & Augmented Training,"This sub-category sits within Defense Simulation & Training and captures a focused capability area for startup scouting. Startups here typically ship deployable subsystems, software modules, or platform components rather than full end-to-end solutions. Key differentiators often include robustness in contested environments, low SWaP constraints, and integration-readiness. Commercial spillover into aerospace, robotics, and critical infrastructure is common. This grouping enables more precise search, filtering, and competitive mapping inside the parent category. It is intended to surface concentrated pockets of innovation and funding momentum.",cat12,2
cat12-1-1,VR Combat Simulation,"This micro-category is a specific startup lane under Virtual & Augmented Training. Companies usually focus on a narrow technical wedge or product module with clear performance metrics. Typical requirements include high reliability, secure operation, and rapid integration with existing systems. These startups are useful for early signal detection and partnership or acquisition scanning. Dual-use applications can extend into industrial automation, security, or aerospace markets. This label is designed for high-zoom exploration and fine-grained clustering.",cat12-1,3
cat12-1-2,AR Maintenance Training,"This micro-category is a specific startup lane under Virtual & Augmented Training. Companies usually focus on a narrow technical wedge or product module with clear performance metrics. Typical requirements include high reliability, secure operation, and rapid integration with existing systems. These startups are useful for early signal detection and partnership or acquisition scanning. Dual-use applications can extend into industrial automation, security, or aerospace markets. This label is designed for high-zoom exploration and fine-grained clustering.",cat12-1,3
cat12-1-3,Immersive Tactical Scenarios,"This micro-category is a specific startup lane under Virtual & Augmented Training. Companies usually focus on a narrow technical wedge or product module with clear performance metrics. Typical requirements include high reliability, secure operation, and rapid integration with existing systems. These startups are useful for early signal detection and partnership or acquisition scanning. Dual-use applications can extend into industrial automation, security, or aerospace markets. This label is designed for high-zoom exploration and fine-grained clustering.",cat12-1,3
cat12-2,Digital Twin Systems,"This sub-category sits within Defense Simulation & Training and captures a focused capability area for startup scouting. Startups here typically ship deployable subsystems, software modules, or platform components rather than full end-to-end solutions. Key differentiators often include robustness in contested environments, low SWaP constraints, and integration-readiness. Commercial spillover into aerospace, robotics, and critical infrastructure is common. This grouping enables more precise search, filtering, and competitive mapping inside the parent category. It is intended to surface concentrated pockets of innovation and funding momentum.",cat12,2
cat12-2-1,Platform Digital Twins,"This micro-category is a specific startup lane under Digital Twin Systems. Companies usually focus on a narrow technical wedge or product module with clear performance metrics. Typical requirements include high reliability, secure operation, and rapid integration with existing systems. These startups are useful for early signal detection and partnership or acquisition scanning. Dual-use applications can extend into industrial automation, security, or aerospace markets. This label is designed for high-zoom exploration and fine-grained clustering.",cat12-2,3
cat12-2-2,Operational Scenario Modeling,"This micro-category is a specific startup lane under Digital Twin Systems. Companies usually focus on a narrow technical wedge or product module with clear performance metrics. Typical requirements include high reliability, secure operation, and rapid integration with existing systems. These startups are useful for early signal detection and partnership or acquisition scanning. Dual-use applications can extend into industrial automation, security, or aerospace markets. This label is designed for high-zoom exploration and fine-grained clustering.",cat12-2,3
cat12-2-3,Infrastructure Simulation,"This micro-category is a specific startup lane under Digital Twin Systems. Companies usually focus on a narrow technical wedge or product module with clear performance metrics. Typical requirements include high reliability, secure operation, and rapid integration with existing systems. These startups are useful for early signal detection and partnership or acquisition scanning. Dual-use applications can extend into industrial automation, security, or aerospace markets. This label is designed for high-zoom exploration and fine-grained clustering.",cat12-2,3
cat12-3,AI-Driven Training Analytics,"This sub-category sits within Defense Simulation & Training and captures a focused capability area for startup scouting. Startups here typically ship deployable subsystems, software modules, or platform components rather than full end-to-end solutions. Key differentiators often include robustness in contested environments, low SWaP constraints, and integration-readiness. Commercial spillover into aerospace, robotics, and critical infrastructure is common. This grouping enables more precise search, filtering, and competitive mapping inside the parent category. It is intended to surface concentrated pockets of innovation and funding momentum.",cat12,2
cat12-3-1,Performance Analytics,"This micro-category is a specific startup lane under AI-Driven Training Analytics. Companies usually focus on a narrow technical wedge or product module with clear performance metrics. Typical requirements include high reliability, secure operation, and rapid integration with existing systems. These startups are useful for early signal detection and partnership or acquisition scanning. Dual-use applications can extend into industrial automation, security, or aerospace markets. This label is designed for high-zoom exploration and fine-grained clustering.",cat12-3,3
cat12-3-2,Adaptive Training Engines,"This micro-category is a specific startup lane under AI-Driven Training Analytics. Companies usually focus on a narrow technical wedge or product module with clear performance metrics. Typical requirements include high reliability, secure operation, and rapid integration with existing systems. These startups are useful for early signal detection and partnership or acquisition scanning. Dual-use applications can extend into industrial automation, security, or aerospace markets. This label is designed for high-zoom exploration and fine-grained clustering.",cat12-3,3
cat12-3-3,Mission Debrief Systems,"This micro-category is a specific startup lane under AI-Driven Training Analytics. Companies usually focus on a narrow technical wedge or product module with clear performance metrics. Typical requirements include high reliability, secure operation, and rapid integration with existing systems. These startups are useful for early signal detection and partnership or acquisition scanning. Dual-use applications can extend into industrial automation, security, or aerospace markets. This label is designed for high-zoom exploration and fine-grained clustering.",cat12-3,3
cat13,Secure Embedded Systems & Avionics,Startups in secure embedded systems develop hardened avionics and mission-critical hardware. Solutions ensure reliability under extreme environmental and cyber conditions. Companies focus on secure processors and trusted hardware modules. Integration with aircraft and armored platforms is common. Civil aerospace also benefits from similar innovations. Secure hardware foundations are essential for advanced defense systems.,,1
cat13-1,Hardened Avionics,"This sub-category sits within Secure Embedded Systems & Avionics and captures a focused capability area for startup scouting. Startups here typically ship deployable subsystems, software modules, or platform components rather than full end-to-end solutions. Key differentiators often include robustness in contested environments, low SWaP constraints, and integration-readiness. Commercial spillover into aerospace, robotics, and critical infrastructure is common. This grouping enables more precise search, filtering, and competitive mapping inside the parent category. It is intended to surface concentrated pockets of innovation and funding momentum.",cat13,2
cat13-1-1,Secure Flight Control Systems,"This micro-category is a specific startup lane under Hardened Avionics. Companies usually focus on a narrow technical wedge or product module with clear performance metrics. Typical requirements include high reliability, secure operation, and rapid integration with existing systems. These startups are useful for early signal detection and partnership or acquisition scanning. Dual-use applications can extend into industrial automation, security, or aerospace markets. This label is designed for high-zoom exploration and fine-grained clustering.",cat13-1,3
cat13-1-2,Military-Grade Navigation Systems,"This micro-category is a specific startup lane under Hardened Avionics. Companies usually focus on a narrow technical wedge or product module with clear performance metrics. Typical requirements include high reliability, secure operation, and rapid integration with existing systems. These startups are useful for early signal detection and partnership or acquisition scanning. Dual-use applications can extend into industrial automation, security, or aerospace markets. This label is designed for high-zoom exploration and fine-grained clustering.",cat13-1,3
cat13-1-3,Redundant Control Architectures,"This micro-category is a specific startup lane under Hardened Avionics. Companies usually focus on a narrow technical wedge or product module with clear performance metrics. Typical requirements include high reliability, secure operation, and rapid integration with existing systems. These startups are useful for early signal detection and partnership or acquisition scanning. Dual-use applications can extend into industrial automation, security, or aerospace markets. This label is designed for high-zoom exploration and fine-grained clustering.",cat13-1,3
cat13-2,Secure Processors & Chips,"This sub-category sits within Secure Embedded Systems & Avionics and captures a focused capability area for startup scouting. Startups here typically ship deployable subsystems, software modules, or platform components rather than full end-to-end solutions. Key differentiators often include robustness in contested environments, low SWaP constraints, and integration-readiness. Commercial spillover into aerospace, robotics, and critical infrastructure is common. This grouping enables more precise search, filtering, and competitive mapping inside the parent category. It is intended to surface concentrated pockets of innovation and funding momentum.",cat13,2
cat13-2-1,Trusted Execution Environments,"This micro-category is a specific startup lane under Secure Processors & Chips. Companies usually focus on a narrow technical wedge or product module with clear performance metrics. Typical requirements include high reliability, secure operation, and rapid integration with existing systems. These startups are useful for early signal detection and partnership or acquisition scanning. Dual-use applications can extend into industrial automation, security, or aerospace markets. This label is designed for high-zoom exploration and fine-grained clustering.",cat13-2,3
cat13-2-2,Secure Microcontrollers,"This micro-category is a specific startup lane under Secure Processors & Chips. Companies usually focus on a narrow technical wedge or product module with clear performance metrics. Typical requirements include high reliability, secure operation, and rapid integration with existing systems. These startups are useful for early signal detection and partnership or acquisition scanning. Dual-use applications can extend into industrial automation, security, or aerospace markets. This label is designed for high-zoom exploration and fine-grained clustering.",cat13-2,3
cat13-2-3,Radiation-Hardened Chips,"This micro-category is a specific startup lane under Secure Processors & Chips. Companies usually focus on a narrow technical wedge or product module with clear performance metrics. Typical requirements include high reliability, secure operation, and rapid integration with existing systems. These startups are useful for early signal detection and partnership or acquisition scanning. Dual-use applications can extend into industrial automation, security, or aerospace markets. This label is designed for high-zoom exploration and fine-grained clustering.",cat13-2,3
cat13-3,Mission-Critical Hardware Integration,"This sub-category sits within Secure Embedded Systems & Avionics and captures a focused capability area for startup scouting. Startups here typically ship deployable subsystems, software modules, or platform components rather than full end-to-end solutions. Key differentiators often include robustness in contested environments, low SWaP constraints, and integration-readiness. Commercial spillover into aerospace, robotics, and critical infrastructure is common. This grouping enables more precise search, filtering, and competitive mapping inside the parent category. It is intended to surface concentrated pockets of innovation and funding momentum.",cat13,2
cat13-3-1,Platform Integration Systems,"This micro-category is a specific startup lane under Mission-Critical Hardware Integration. Companies usually focus on a narrow technical wedge or product module with clear performance metrics. Typical requirements include high reliability, secure operation, and rapid integration with existing systems. These startups are useful for early signal detection and partnership or acquisition scanning. Dual-use applications can extend into industrial automation, security, or aerospace markets. This label is designed for high-zoom exploration and fine-grained clustering.",cat13-3,3
cat13-3-2,Secure Embedded Firmware,"This micro-category is a specific startup lane under Mission-Critical Hardware Integration. Companies usually focus on a narrow technical wedge or product module with clear performance metrics. Typical requirements include high reliability, secure operation, and rapid integration with existing systems. These startups are useful for early signal detection and partnership or acquisition scanning. Dual-use applications can extend into industrial automation, security, or aerospace markets. This label is designed for high-zoom exploration and fine-grained clustering.",cat13-3,3
cat13-3-3,Real-Time Control Modules,"This micro-category is a specific startup lane under Mission-Critical Hardware Integration. Companies usually focus on a narrow technical wedge or product module with clear performance metrics. Typical requirements include high reliability, secure operation, and rapid integration with existing systems. These startups are useful for early signal detection and partnership or acquisition scanning. Dual-use applications can extend into industrial automation, security, or aerospace markets. This label is designed for high-zoom exploration and fine-grained clustering.",cat13-3,3
cat2,Advanced ISR Technologies,"Advanced ISR technologies cover intelligence, surveillance, and reconnaissance solutions. Startups build high-resolution imaging, persistent monitoring, and signal intelligence platforms. AI-enabled data fusion improves situational awareness in real time. These systems often operate across satellite, airborne, and ground sensors. Civil applications include infrastructure monitoring and maritime tracking. The category directly supports modern command and control capabilities.",,1
cat2-1,Airborne ISR Platforms,"This sub-category sits within Advanced ISR Technologies and captures a focused capability area for startup scouting. Startups here typically ship deployable subsystems, software modules, or platform components rather than full end-to-end solutions. Key differentiators often include robustness in contested environments, low SWaP constraints, and integration-readiness. Commercial spillover into aerospace, robotics, and critical infrastructure is common. This grouping enables more precise search, filtering, and competitive mapping inside the parent category. It is intended to surface concentrated pockets of innovation and funding momentum.",cat2,2
cat2-1-1,Persistent Aerial Surveillance,"This micro-category is a specific startup lane under Airborne ISR Platforms. Companies usually focus on a narrow technical wedge or product module with clear performance metrics. Typical requirements include high reliability, secure operation, and rapid integration with existing systems. These startups are useful for early signal detection and partnership or acquisition scanning. Dual-use applications can extend into industrial automation, security, or aerospace markets. This label is designed for high-zoom exploration and fine-grained clustering.",cat2-1,3
cat2-1-2,Signals Intelligence Payloads,"This micro-category is a specific startup lane under Airborne ISR Platforms. Companies usually focus on a narrow technical wedge or product module with clear performance metrics. Typical requirements include high reliability, secure operation, and rapid integration with existing systems. These startups are useful for early signal detection and partnership or acquisition scanning. Dual-use applications can extend into industrial automation, security, or aerospace markets. This label is designed for high-zoom exploration and fine-grained clustering.",cat2-1,3
cat2-1-3,Real-Time Data Fusion Systems,"This micro-category is a specific startup lane under Airborne ISR Platforms. Companies usually focus on a narrow technical wedge or product module with clear performance metrics. Typical requirements include high reliability, secure operation, and rapid integration with existing systems. These startups are useful for early signal detection and partnership or acquisition scanning. Dual-use applications can extend into industrial automation, security, or aerospace markets. This label is designed for high-zoom exploration and fine-grained clustering.",cat2-1,3
cat2-2,Ground-Based ISR,"This sub-category sits within Advanced ISR Technologies and captures a focused capability area for startup scouting. Startups here typically ship deployable subsystems, software modules, or platform components rather than full end-to-end solutions. Key differentiators often include robustness in contested environments, low SWaP constraints, and integration-readiness. Commercial spillover into aerospace, robotics, and critical infrastructure is common. This grouping enables more precise search, filtering, and competitive mapping inside the parent category. It is intended to surface concentrated pockets of innovation and funding momentum.",cat2,2
cat2-2-1,Border Surveillance Towers,"This micro-category is a specific startup lane under Ground-Based ISR. Companies usually focus on a narrow technical wedge or product module with clear performance metrics. Typical requirements include high reliability, secure operation, and rapid integration with existing systems. These startups are useful for early signal detection and partnership or acquisition scanning. Dual-use applications can extend into industrial automation, security, or aerospace markets. This label is designed for high-zoom exploration and fine-grained clustering.",cat2-2,3
cat2-2-2,Acoustic & Seismic Detection,"This micro-category is a specific startup lane under Ground-Based ISR. Companies usually focus on a narrow technical wedge or product module with clear performance metrics. Typical requirements include high reliability, secure operation, and rapid integration with existing systems. These startups are useful for early signal detection and partnership or acquisition scanning. Dual-use applications can extend into industrial automation, security, or aerospace markets. This label is designed for high-zoom exploration and fine-grained clustering.",cat2-2,3
cat2-2-3,Battlefield Sensor Networks,"This micro-category is a specific startup lane under Ground-Based ISR. Companies usually focus on a narrow technical wedge or product module with clear performance metrics. Typical requirements include high reliability, secure operation, and rapid integration with existing systems. These startups are useful for early signal detection and partnership or acquisition scanning. Dual-use applications can extend into industrial automation, security, or aerospace markets. This label is designed for high-zoom exploration and fine-grained clustering.",cat2-2,3
cat2-3,Data Analytics & Fusion,"This sub-category sits within Advanced ISR Technologies and captures a focused capability area for startup scouting. Startups here typically ship deployable subsystems, software modules, or platform components rather than full end-to-end solutions. Key differentiators often include robustness in contested environments, low SWaP constraints, and integration-readiness. Commercial spillover into aerospace, robotics, and critical infrastructure is common. This grouping enables more precise search, filtering, and competitive mapping inside the parent category. It is intended to surface concentrated pockets of innovation and funding momentum.",cat2,2
cat2-3-1,Multi-Sensor Fusion Engines,"This micro-category is a specific startup lane under Data Analytics & Fusion. Companies usually focus on a narrow technical wedge or product module with clear performance metrics. Typical requirements include high reliability, secure operation, and rapid integration with existing systems. These startups are useful for early signal detection and partnership or acquisition scanning. Dual-use applications can extend into industrial automation, security, or aerospace markets. This label is designed for high-zoom exploration and fine-grained clustering.",cat2-3,3
cat2-3-2,Automated Threat Classification,"This micro-category is a specific startup lane under Data Analytics & Fusion. Companies usually focus on a narrow technical wedge or product module with clear performance metrics. Typical requirements include high reliability, secure operation, and rapid integration with existing systems. These startups are useful for early signal detection and partnership or acquisition scanning. Dual-use applications can extend into industrial automation, security, or aerospace markets. This label is designed for high-zoom exploration and fine-grained clustering.",cat2-3,3
cat2-3-3,Predictive Intelligence Models,"This micro-category is a specific startup lane under Data Analytics & Fusion. Companies usually focus on a narrow technical wedge or product module with clear performance metrics. Typical requirements include high reliability, secure operation, and rapid integration with existing systems. These startups are useful for early signal detection and partnership or acquisition scanning. Dual-use applications can extend into industrial automation, security, or aerospace markets. This label is designed for high-zoom exploration and fine-grained clustering.",cat2-3,3
cat3,Military Cybersecurity,"Military cybersecurity startups protect defense systems, communications, and classified networks. They specialize in threat detection, zero-trust architectures, and operational technology security. Solutions address both cyber warfare and electronic intrusion risks. Many companies focus on protecting weapons platforms and mission-critical software. The sector increasingly intersects with AI-driven anomaly detection. Robust cyber resilience is fundamental to modern defense operations.",,1
cat3-1,Network Defense,"This sub-category sits within Military Cybersecurity and captures a focused capability area for startup scouting. Startups here typically ship deployable subsystems, software modules, or platform components rather than full end-to-end solutions. Key differentiators often include robustness in contested environments, low SWaP constraints, and integration-readiness. Commercial spillover into aerospace, robotics, and critical infrastructure is common. This grouping enables more precise search, filtering, and competitive mapping inside the parent category. It is intended to surface concentrated pockets of innovation and funding momentum.",cat3,2
cat3-1-1,Zero-Trust Architectures,"This micro-category is a specific startup lane under Network Defense. Companies usually focus on a narrow technical wedge or product module with clear performance metrics. Typical requirements include high reliability, secure operation, and rapid integration with existing systems. These startups are useful for early signal detection and partnership or acquisition scanning. Dual-use applications can extend into industrial automation, security, or aerospace markets. This label is designed for high-zoom exploration and fine-grained clustering.",cat3-1,3
cat3-1-2,Intrusion Detection Systems,"This micro-category is a specific startup lane under Network Defense. Companies usually focus on a narrow technical wedge or product module with clear performance metrics. Typical requirements include high reliability, secure operation, and rapid integration with existing systems. These startups are useful for early signal detection and partnership or acquisition scanning. Dual-use applications can extend into industrial automation, security, or aerospace markets. This label is designed for high-zoom exploration and fine-grained clustering.",cat3-1,3
cat3-1-3,Secure Network Segmentation,"This micro-category is a specific startup lane under Network Defense. Companies usually focus on a narrow technical wedge or product module with clear performance metrics. Typical requirements include high reliability, secure operation, and rapid integration with existing systems. These startups are useful for early signal detection and partnership or acquisition scanning. Dual-use applications can extend into industrial automation, security, or aerospace markets. This label is designed for high-zoom exploration and fine-grained clustering.",cat3-1,3
cat3-2,Operational Technology (OT) Security,"This sub-category sits within Military Cybersecurity and captures a focused capability area for startup scouting. Startups here typically ship deployable subsystems, software modules, or platform components rather than full end-to-end solutions. Key differentiators often include robustness in contested environments, low SWaP constraints, and integration-readiness. Commercial spillover into aerospace, robotics, and critical infrastructure is common. This grouping enables more precise search, filtering, and competitive mapping inside the parent category. It is intended to surface concentrated pockets of innovation and funding momentum.",cat3,2
cat3-2-1,ICS/SCADA Protection,"This micro-category is a specific startup lane under Operational Technology (OT) Security. Companies usually focus on a narrow technical wedge or product module with clear performance metrics. Typical requirements include high reliability, secure operation, and rapid integration with existing systems. These startups are useful for early signal detection and partnership or acquisition scanning. Dual-use applications can extend into industrial automation, security, or aerospace markets. This label is designed for high-zoom exploration and fine-grained clustering.",cat3-2,3
cat3-2-2,Embedded System Hardening,"This micro-category is a specific startup lane under Operational Technology (OT) Security. Companies usually focus on a narrow technical wedge or product module with clear performance metrics. Typical requirements include high reliability, secure operation, and rapid integration with existing systems. These startups are useful for early signal detection and partnership or acquisition scanning. Dual-use applications can extend into industrial automation, security, or aerospace markets. This label is designed for high-zoom exploration and fine-grained clustering.",cat3-2,3
cat3-2-3,Mission System Security,"This micro-category is a specific startup lane under Operational Technology (OT) Security. Companies usually focus on a narrow technical wedge or product module with clear performance metrics. Typical requirements include high reliability, secure operation, and rapid integration with existing systems. These startups are useful for early signal detection and partnership or acquisition scanning. Dual-use applications can extend into industrial automation, security, or aerospace markets. This label is designed for high-zoom exploration and fine-grained clustering.",cat3-2,3
cat3-3,Offensive & Defensive Cyber Ops,"This sub-category sits within Military Cybersecurity and captures a focused capability area for startup scouting. Startups here typically ship deployable subsystems, software modules, or platform components rather than full end-to-end solutions. Key differentiators often include robustness in contested environments, low SWaP constraints, and integration-readiness. Commercial spillover into aerospace, robotics, and critical infrastructure is common. This grouping enables more precise search, filtering, and competitive mapping inside the parent category. It is intended to surface concentrated pockets of innovation and funding momentum.",cat3,2
cat3-3-1,Cyber Range Platforms,"This micro-category is a specific startup lane under Offensive & Defensive Cyber Ops. Companies usually focus on a narrow technical wedge or product module with clear performance metrics. Typical requirements include high reliability, secure operation, and rapid integration with existing systems. These startups are useful for early signal detection and partnership or acquisition scanning. Dual-use applications can extend into industrial automation, security, or aerospace markets. This label is designed for high-zoom exploration and fine-grained clustering.",cat3-3,3
cat3-3-2,Adversarial Simulation Tools,"This micro-category is a specific startup lane under Offensive & Defensive Cyber Ops. Companies usually focus on a narrow technical wedge or product module with clear performance metrics. Typical requirements include high reliability, secure operation, and rapid integration with existing systems. These startups are useful for early signal detection and partnership or acquisition scanning. Dual-use applications can extend into industrial automation, security, or aerospace markets. This label is designed for high-zoom exploration and fine-grained clustering.",cat3-3,3
cat3-3-3,Threat Intelligence Platforms,"This micro-category is a specific startup lane under Offensive & Defensive Cyber Ops. Companies usually focus on a narrow technical wedge or product module with clear performance metrics. Typical requirements include high reliability, secure operation, and rapid integration with existing systems. These startups are useful for early signal detection and partnership or acquisition scanning. Dual-use applications can extend into industrial automation, security, or aerospace markets. This label is designed for high-zoom exploration and fine-grained clustering.",cat3-3,3
cat4,Electronic Warfare & Signal Intelligence,"This category includes startups developing electronic warfare and signal intelligence capabilities. Solutions focus on jamming, signal interception, and spectrum dominance. Companies work on protecting communications while disrupting adversary systems. Advanced radio frequency analytics and software-defined radios are core technologies. Civil aviation and telecom applications sometimes emerge from these innovations. The category enhances battlefield survivability and intelligence gathering.",,1
cat4-1,Spectrum Dominance,"This sub-category sits within Electronic Warfare & Signal Intelligence and captures a focused capability area for startup scouting. Startups here typically ship deployable subsystems, software modules, or platform components rather than full end-to-end solutions. Key differentiators often include robustness in contested environments, low SWaP constraints, and integration-readiness. Commercial spillover into aerospace, robotics, and critical infrastructure is common. This grouping enables more precise search, filtering, and competitive mapping inside the parent category. It is intended to surface concentrated pockets of innovation and funding momentum.",cat4,2
cat4-1-1,RF Signal Mapping,"This micro-category is a specific startup lane under Spectrum Dominance. Companies usually focus on a narrow technical wedge or product module with clear performance metrics. Typical requirements include high reliability, secure operation, and rapid integration with existing systems. These startups are useful for early signal detection and partnership or acquisition scanning. Dual-use applications can extend into industrial automation, security, or aerospace markets. This label is designed for high-zoom exploration and fine-grained clustering.",cat4-1,3
cat4-1-2,Adaptive Jamming Systems,"This micro-category is a specific startup lane under Spectrum Dominance. Companies usually focus on a narrow technical wedge or product module with clear performance metrics. Typical requirements include high reliability, secure operation, and rapid integration with existing systems. These startups are useful for early signal detection and partnership or acquisition scanning. Dual-use applications can extend into industrial automation, security, or aerospace markets. This label is designed for high-zoom exploration and fine-grained clustering.",cat4-1,3
cat4-1-3,Anti-Jamming Countermeasures,"This micro-category is a specific startup lane under Spectrum Dominance. Companies usually focus on a narrow technical wedge or product module with clear performance metrics. Typical requirements include high reliability, secure operation, and rapid integration with existing systems. These startups are useful for early signal detection and partnership or acquisition scanning. Dual-use applications can extend into industrial automation, security, or aerospace markets. This label is designed for high-zoom exploration and fine-grained clustering.",cat4-1,3
cat4-2,Signal Interception,"This sub-category sits within Electronic Warfare & Signal Intelligence and captures a focused capability area for startup scouting. Startups here typically ship deployable subsystems, software modules, or platform components rather than full end-to-end solutions. Key differentiators often include robustness in contested environments, low SWaP constraints, and integration-readiness. Commercial spillover into aerospace, robotics, and critical infrastructure is common. This grouping enables more precise search, filtering, and competitive mapping inside the parent category. It is intended to surface concentrated pockets of innovation and funding momentum.",cat4,2
cat4-2-1,Software-Defined Radios,"This micro-category is a specific startup lane under Signal Interception. Companies usually focus on a narrow technical wedge or product module with clear performance metrics. Typical requirements include high reliability, secure operation, and rapid integration with existing systems. These startups are useful for early signal detection and partnership or acquisition scanning. Dual-use applications can extend into industrial automation, security, or aerospace markets. This label is designed for high-zoom exploration and fine-grained clustering.",cat4-2,3
cat4-2-2,Communications Interception,"This micro-category is a specific startup lane under Signal Interception. Companies usually focus on a narrow technical wedge or product module with clear performance metrics. Typical requirements include high reliability, secure operation, and rapid integration with existing systems. These startups are useful for early signal detection and partnership or acquisition scanning. Dual-use applications can extend into industrial automation, security, or aerospace markets. This label is designed for high-zoom exploration and fine-grained clustering.",cat4-2,3
cat4-2-3,Spectrum Analytics,"This micro-category is a specific startup lane under Signal Interception. Companies usually focus on a narrow technical wedge or product module with clear performance metrics. Typical requirements include high reliability, secure operation, and rapid integration with existing systems. These startups are useful for early signal detection and partnership or acquisition scanning. Dual-use applications can extend into industrial automation, security, or aerospace markets. This label is designed for high-zoom exploration and fine-grained clustering.",cat4-2,3
cat4-3,Electromagnetic Protection,"This sub-category sits within Electronic Warfare & Signal Intelligence and captures a focused capability area for startup scouting. Startups here typically ship deployable subsystems, software modules, or platform components rather than full end-to-end solutions. Key differentiators often include robustness in contested environments, low SWaP constraints, and integration-readiness. Commercial spillover into aerospace, robotics, and critical infrastructure is common. This grouping enables more precise search, filtering, and competitive mapping inside the parent category. It is intended to surface concentrated pockets of innovation and funding momentum.",cat4,2
cat4-3-1,Shielded Communications,"This micro-category is a specific startup lane under Electromagnetic Protection. Companies usually focus on a narrow technical wedge or product module with clear performance metrics. Typical requirements include high reliability, secure operation, and rapid integration with existing systems. These startups are useful for early signal detection and partnership or acquisition scanning. Dual-use applications can extend into industrial automation, security, or aerospace markets. This label is designed for high-zoom exploration and fine-grained clustering.",cat4-3,3
cat4-3-2,EMP Resilience Systems,"This micro-category is a specific startup lane under Electromagnetic Protection. Companies usually focus on a narrow technical wedge or product module with clear performance metrics. Typical requirements include high reliability, secure operation, and rapid integration with existing systems. These startups are useful for early signal detection and partnership or acquisition scanning. Dual-use applications can extend into industrial automation, security, or aerospace markets. This label is designed for high-zoom exploration and fine-grained clustering.",cat4-3,3
cat4-3-3,Secure RF Components,"This micro-category is a specific startup lane under Electromagnetic Protection. Companies usually focus on a narrow technical wedge or product module with clear performance metrics. Typical requirements include high reliability, secure operation, and rapid integration with existing systems. These startups are useful for early signal detection and partnership or acquisition scanning. Dual-use applications can extend into industrial automation, security, or aerospace markets. This label is designed for high-zoom exploration and fine-grained clustering.",cat4-3,3
cat5,Secure Communications & Encryption,"Secure communications startups build encrypted communication systems for military and government use. Technologies include secure radios, satellite links, and post-quantum encryption. Startups focus on maintaining secure channels in contested environments. Many integrate anti-jamming and redundancy features. Civil uses include critical infrastructure communications. The category ensures reliable coordination during high-stakes missions.",,1
cat5-1,Tactical Communications,"This sub-category sits within Secure Communications & Encryption and captures a focused capability area for startup scouting. Startups here typically ship deployable subsystems, software modules, or platform components rather than full end-to-end solutions. Key differentiators often include robustness in contested environments, low SWaP constraints, and integration-readiness. Commercial spillover into aerospace, robotics, and critical infrastructure is common. This grouping enables more precise search, filtering, and competitive mapping inside the parent category. It is intended to surface concentrated pockets of innovation and funding momentum.",cat5,2
cat5-1-1,Secure Battlefield Radios,"This micro-category is a specific startup lane under Tactical Communications. Companies usually focus on a narrow technical wedge or product module with clear performance metrics. Typical requirements include high reliability, secure operation, and rapid integration with existing systems. These startups are useful for early signal detection and partnership or acquisition scanning. Dual-use applications can extend into industrial automation, security, or aerospace markets. This label is designed for high-zoom exploration and fine-grained clustering.",cat5-1,3
cat5-1-2,Encrypted Mesh Networks,"This micro-category is a specific startup lane under Tactical Communications. Companies usually focus on a narrow technical wedge or product module with clear performance metrics. Typical requirements include high reliability, secure operation, and rapid integration with existing systems. These startups are useful for early signal detection and partnership or acquisition scanning. Dual-use applications can extend into industrial automation, security, or aerospace markets. This label is designed for high-zoom exploration and fine-grained clustering.",cat5-1,3
cat5-1-3,Anti-Jamming Comms,"This micro-category is a specific startup lane under Tactical Communications. Companies usually focus on a narrow technical wedge or product module with clear performance metrics. Typical requirements include high reliability, secure operation, and rapid integration with existing systems. These startups are useful for early signal detection and partnership or acquisition scanning. Dual-use applications can extend into industrial automation, security, or aerospace markets. This label is designed for high-zoom exploration and fine-grained clustering.",cat5-1,3
cat5-2,Satellite Communications,"This sub-category sits within Secure Communications & Encryption and captures a focused capability area for startup scouting. Startups here typically ship deployable subsystems, software modules, or platform components rather than full end-to-end solutions. Key differentiators often include robustness in contested environments, low SWaP constraints, and integration-readiness. Commercial spillover into aerospace, robotics, and critical infrastructure is common. This grouping enables more precise search, filtering, and competitive mapping inside the parent category. It is intended to surface concentrated pockets of innovation and funding momentum.",cat5,2
cat5-2-1,Military Satcom Terminals,"This micro-category is a specific startup lane under Satellite Communications. Companies usually focus on a narrow technical wedge or product module with clear performance metrics. Typical requirements include high reliability, secure operation, and rapid integration with existing systems. These startups are useful for early signal detection and partnership or acquisition scanning. Dual-use applications can extend into industrial automation, security, or aerospace markets. This label is designed for high-zoom exploration and fine-grained clustering.",cat5-2,3
cat5-2-2,Resilient Space Links,"This micro-category is a specific startup lane under Satellite Communications. Companies usually focus on a narrow technical wedge or product module with clear performance metrics. Typical requirements include high reliability, secure operation, and rapid integration with existing systems. These startups are useful for early signal detection and partnership or acquisition scanning. Dual-use applications can extend into industrial automation, security, or aerospace markets. This label is designed for high-zoom exploration and fine-grained clustering.",cat5-2,3
cat5-2-3,Tactical Data Links,"This micro-category is a specific startup lane under Satellite Communications. Companies usually focus on a narrow technical wedge or product module with clear performance metrics. Typical requirements include high reliability, secure operation, and rapid integration with existing systems. These startups are useful for early signal detection and partnership or acquisition scanning. Dual-use applications can extend into industrial automation, security, or aerospace markets. This label is designed for high-zoom exploration and fine-grained clustering.",cat5-2,3
cat5-3,Advanced Cryptography,"This sub-category sits within Secure Communications & Encryption and captures a focused capability area for startup scouting. Startups here typically ship deployable subsystems, software modules, or platform components rather than full end-to-end solutions. Key differentiators often include robustness in contested environments, low SWaP constraints, and integration-readiness. Commercial spillover into aerospace, robotics, and critical infrastructure is common. This grouping enables more precise search, filtering, and competitive mapping inside the parent category. It is intended to surface concentrated pockets of innovation and funding momentum.",cat5,2
cat5-3-1,Post-Quantum Encryption,"This micro-category is a specific startup lane under Advanced Cryptography. Companies usually focus on a narrow technical wedge or product module with clear performance metrics. Typical requirements include high reliability, secure operation, and rapid integration with existing systems. These startups are useful for early signal detection and partnership or acquisition scanning. Dual-use applications can extend into industrial automation, security, or aerospace markets. This label is designed for high-zoom exploration and fine-grained clustering.",cat5-3,3
cat5-3-2,Hardware Encryption Modules,"This micro-category is a specific startup lane under Advanced Cryptography. Companies usually focus on a narrow technical wedge or product module with clear performance metrics. Typical requirements include high reliability, secure operation, and rapid integration with existing systems. These startups are useful for early signal detection and partnership or acquisition scanning. Dual-use applications can extend into industrial automation, security, or aerospace markets. This label is designed for high-zoom exploration and fine-grained clustering.",cat5-3,3
cat5-3-3,Secure Key Management,"This micro-category is a specific startup lane under Advanced Cryptography. Companies usually focus on a narrow technical wedge or product module with clear performance metrics. Typical requirements include high reliability, secure operation, and rapid integration with existing systems. These startups are useful for early signal detection and partnership or acquisition scanning. Dual-use applications can extend into industrial automation, security, or aerospace markets. This label is designed for high-zoom exploration and fine-grained clustering.",cat5-3,3
cat6,Defense AI & Decision Support,"Defense AI startups create decision-support systems for commanders and operators. These platforms process large volumes of battlefield data to generate insights. Applications include threat prediction, logistics optimization, and autonomous targeting assistance. Companies leverage machine learning for rapid response scenarios. Dual-use analytics can serve emergency services and homeland security. AI-enabled decision systems accelerate operational effectiveness.",,1
cat6-1,Command & Control AI,"This sub-category sits within Defense AI & Decision Support and captures a focused capability area for startup scouting. Startups here typically ship deployable subsystems, software modules, or platform components rather than full end-to-end solutions. Key differentiators often include robustness in contested environments, low SWaP constraints, and integration-readiness. Commercial spillover into aerospace, robotics, and critical infrastructure is common. This grouping enables more precise search, filtering, and competitive mapping inside the parent category. It is intended to surface concentrated pockets of innovation and funding momentum.",cat6,2
cat6-1-1,Mission Planning Optimization,"This micro-category is a specific startup lane under Command & Control AI. Companies usually focus on a narrow technical wedge or product module with clear performance metrics. Typical requirements include high reliability, secure operation, and rapid integration with existing systems. These startups are useful for early signal detection and partnership or acquisition scanning. Dual-use applications can extend into industrial automation, security, or aerospace markets. This label is designed for high-zoom exploration and fine-grained clustering.",cat6-1,3
cat6-1-2,Threat Prediction Systems,"This micro-category is a specific startup lane under Command & Control AI. Companies usually focus on a narrow technical wedge or product module with clear performance metrics. Typical requirements include high reliability, secure operation, and rapid integration with existing systems. These startups are useful for early signal detection and partnership or acquisition scanning. Dual-use applications can extend into industrial automation, security, or aerospace markets. This label is designed for high-zoom exploration and fine-grained clustering.",cat6-1,3
cat6-1-3,AI-Assisted Targeting,"This micro-category is a specific startup lane under Command & Control AI. Companies usually focus on a narrow technical wedge or product module with clear performance metrics. Typical requirements include high reliability, secure operation, and rapid integration with existing systems. These startups are useful for early signal detection and partnership or acquisition scanning. Dual-use applications can extend into industrial automation, security, or aerospace markets. This label is designed for high-zoom exploration and fine-grained clustering.",cat6-1,3
cat6-2,Logistics & Supply Chain AI,"This sub-category sits within Defense AI & Decision Support and captures a focused capability area for startup scouting. Startups here typically ship deployable subsystems, software modules, or platform components rather than full end-to-end solutions. Key differentiators often include robustness in contested environments, low SWaP constraints, and integration-readiness. Commercial spillover into aerospace, robotics, and critical infrastructure is common. This grouping enables more precise search, filtering, and competitive mapping inside the parent category. It is intended to surface concentrated pockets of innovation and funding momentum.",cat6,2
cat6-2-1,Predictive Maintenance,"This micro-category is a specific startup lane under Logistics & Supply Chain AI. Companies usually focus on a narrow technical wedge or product module with clear performance metrics. Typical requirements include high reliability, secure operation, and rapid integration with existing systems. These startups are useful for early signal detection and partnership or acquisition scanning. Dual-use applications can extend into industrial automation, security, or aerospace markets. This label is designed for high-zoom exploration and fine-grained clustering.",cat6-2,3
cat6-2-2,Autonomous Resupply Planning,"This micro-category is a specific startup lane under Logistics & Supply Chain AI. Companies usually focus on a narrow technical wedge or product module with clear performance metrics. Typical requirements include high reliability, secure operation, and rapid integration with existing systems. These startups are useful for early signal detection and partnership or acquisition scanning. Dual-use applications can extend into industrial automation, security, or aerospace markets. This label is designed for high-zoom exploration and fine-grained clustering.",cat6-2,3
cat6-2-3,Inventory Optimization,"This micro-category is a specific startup lane under Logistics & Supply Chain AI. Companies usually focus on a narrow technical wedge or product module with clear performance metrics. Typical requirements include high reliability, secure operation, and rapid integration with existing systems. These startups are useful for early signal detection and partnership or acquisition scanning. Dual-use applications can extend into industrial automation, security, or aerospace markets. This label is designed for high-zoom exploration and fine-grained clustering.",cat6-2,3
cat6-3,Real-Time Battlefield Analytics,"This sub-category sits within Defense AI & Decision Support and captures a focused capability area for startup scouting. Startups here typically ship deployable subsystems, software modules, or platform components rather than full end-to-end solutions. Key differentiators often include robustness in contested environments, low SWaP constraints, and integration-readiness. Commercial spillover into aerospace, robotics, and critical infrastructure is common. This grouping enables more precise search, filtering, and competitive mapping inside the parent category. It is intended to surface concentrated pockets of innovation and funding momentum.",cat6,2
cat6-3-1,Situational Awareness Dashboards,"This micro-category is a specific startup lane under Real-Time Battlefield Analytics. Companies usually focus on a narrow technical wedge or product module with clear performance metrics. Typical requirements include high reliability, secure operation, and rapid integration with existing systems. These startups are useful for early signal detection and partnership or acquisition scanning. Dual-use applications can extend into industrial automation, security, or aerospace markets. This label is designed for high-zoom exploration and fine-grained clustering.",cat6-3,3
cat6-3-2,AI-Based Alert Systems,"This micro-category is a specific startup lane under Real-Time Battlefield Analytics. Companies usually focus on a narrow technical wedge or product module with clear performance metrics. Typical requirements include high reliability, secure operation, and rapid integration with existing systems. These startups are useful for early signal detection and partnership or acquisition scanning. Dual-use applications can extend into industrial automation, security, or aerospace markets. This label is designed for high-zoom exploration and fine-grained clustering.",cat6-3,3
cat6-3-3,Tactical Simulation Engines,"This micro-category is a specific startup lane under Real-Time Battlefield Analytics. Companies usually focus on a narrow technical wedge or product module with clear performance metrics. Typical requirements include high reliability, secure operation, and rapid integration with existing systems. These startups are useful for early signal detection and partnership or acquisition scanning. Dual-use applications can extend into industrial automation, security, or aerospace markets. This label is designed for high-zoom exploration and fine-grained clustering.",cat6-3,3
cat7,Advanced Optics & Electro-Optical Systems,"Startups in advanced optics develop electro-optical sensors and targeting systems. Products include night vision, thermal imaging, and precision guidance optics. Many companies innovate in miniaturization and enhanced range detection. These systems are critical for air and ground platforms. Civilian applications include border surveillance and industrial inspection. The category supports enhanced visibility in complex operational conditions.",,1
cat7-1,Night & Thermal Vision,"This sub-category sits within Advanced Optics & Electro-Optical Systems and captures a focused capability area for startup scouting. Startups here typically ship deployable subsystems, software modules, or platform components rather than full end-to-end solutions. Key differentiators often include robustness in contested environments, low SWaP constraints, and integration-readiness. Commercial spillover into aerospace, robotics, and critical infrastructure is common. This grouping enables more precise search, filtering, and competitive mapping inside the parent category. It is intended to surface concentrated pockets of innovation and funding momentum.",cat7,2
cat7-1-1,Thermal Imaging Sensors,"This micro-category is a specific startup lane under Night & Thermal Vision. Companies usually focus on a narrow technical wedge or product module with clear performance metrics. Typical requirements include high reliability, secure operation, and rapid integration with existing systems. These startups are useful for early signal detection and partnership or acquisition scanning. Dual-use applications can extend into industrial automation, security, or aerospace markets. This label is designed for high-zoom exploration and fine-grained clustering.",cat7-1,3
cat7-1-2,Infrared Targeting Systems,"This micro-category is a specific startup lane under Night & Thermal Vision. Companies usually focus on a narrow technical wedge or product module with clear performance metrics. Typical requirements include high reliability, secure operation, and rapid integration with existing systems. These startups are useful for early signal detection and partnership or acquisition scanning. Dual-use applications can extend into industrial automation, security, or aerospace markets. This label is designed for high-zoom exploration and fine-grained clustering.",cat7-1,3
cat7-1-3,Low-Light Optics,"This micro-category is a specific startup lane under Night & Thermal Vision. Companies usually focus on a narrow technical wedge or product module with clear performance metrics. Typical requirements include high reliability, secure operation, and rapid integration with existing systems. These startups are useful for early signal detection and partnership or acquisition scanning. Dual-use applications can extend into industrial automation, security, or aerospace markets. This label is designed for high-zoom exploration and fine-grained clustering.",cat7-1,3
cat7-2,Precision Targeting Systems,"This sub-category sits within Advanced Optics & Electro-Optical Systems and captures a focused capability area for startup scouting. Startups here typically ship deployable subsystems, software modules, or platform components rather than full end-to-end solutions. Key differentiators often include robustness in contested environments, low SWaP constraints, and integration-readiness. Commercial spillover into aerospace, robotics, and critical infrastructure is common. This grouping enables more precise search, filtering, and competitive mapping inside the parent category. It is intended to surface concentrated pockets of innovation and funding momentum.",cat7,2
cat7-2-1,Laser Guidance Systems,"This micro-category is a specific startup lane under Precision Targeting Systems. Companies usually focus on a narrow technical wedge or product module with clear performance metrics. Typical requirements include high reliability, secure operation, and rapid integration with existing systems. These startups are useful for early signal detection and partnership or acquisition scanning. Dual-use applications can extend into industrial automation, security, or aerospace markets. This label is designed for high-zoom exploration and fine-grained clustering.",cat7-2,3
cat7-2-2,Smart Optics Integration,"This micro-category is a specific startup lane under Precision Targeting Systems. Companies usually focus on a narrow technical wedge or product module with clear performance metrics. Typical requirements include high reliability, secure operation, and rapid integration with existing systems. These startups are useful for early signal detection and partnership or acquisition scanning. Dual-use applications can extend into industrial automation, security, or aerospace markets. This label is designed for high-zoom exploration and fine-grained clustering.",cat7-2,3
cat7-2-3,Fire Control Systems,"This micro-category is a specific startup lane under Precision Targeting Systems. Companies usually focus on a narrow technical wedge or product module with clear performance metrics. Typical requirements include high reliability, secure operation, and rapid integration with existing systems. These startups are useful for early signal detection and partnership or acquisition scanning. Dual-use applications can extend into industrial automation, security, or aerospace markets. This label is designed for high-zoom exploration and fine-grained clustering.",cat7-2,3
cat7-3,Miniaturized Optical Systems,"This sub-category sits within Advanced Optics & Electro-Optical Systems and captures a focused capability area for startup scouting. Startups here typically ship deployable subsystems, software modules, or platform components rather than full end-to-end solutions. Key differentiators often include robustness in contested environments, low SWaP constraints, and integration-readiness. Commercial spillover into aerospace, robotics, and critical infrastructure is common. This grouping enables more precise search, filtering, and competitive mapping inside the parent category. It is intended to surface concentrated pockets of innovation and funding momentum.",cat7,2
cat7-3-1,UAV Sensor Payloads,"This micro-category is a specific startup lane under Miniaturized Optical Systems. Companies usually focus on a narrow technical wedge or product module with clear performance metrics. Typical requirements include high reliability, secure operation, and rapid integration with existing systems. These startups are useful for early signal detection and partnership or acquisition scanning. Dual-use applications can extend into industrial automation, security, or aerospace markets. This label is designed for high-zoom exploration and fine-grained clustering.",cat7-3,3
cat7-3-2,Wearable Optics,"This micro-category is a specific startup lane under Miniaturized Optical Systems. Companies usually focus on a narrow technical wedge or product module with clear performance metrics. Typical requirements include high reliability, secure operation, and rapid integration with existing systems. These startups are useful for early signal detection and partnership or acquisition scanning. Dual-use applications can extend into industrial automation, security, or aerospace markets. This label is designed for high-zoom exploration and fine-grained clustering.",cat7-3,3
cat7-3-3,Compact Surveillance Cameras,"This micro-category is a specific startup lane under Miniaturized Optical Systems. Companies usually focus on a narrow technical wedge or product module with clear performance metrics. Typical requirements include high reliability, secure operation, and rapid integration with existing systems. These startups are useful for early signal detection and partnership or acquisition scanning. Dual-use applications can extend into industrial automation, security, or aerospace markets. This label is designed for high-zoom exploration and fine-grained clustering.",cat7-3,3
cat8,Space & Defense Satellites,Space-focused defense startups design satellite systems for secure communication and reconnaissance. Solutions include small satellite constellations and resilient space-based sensors. Companies improve redundancy against anti-satellite threats. Satellite data is integrated with ground and airborne assets. Commercial earth observation markets benefit from similar technologies. Space-based capabilities are becoming foundational to national security.,,1
cat8-1,Earth Observation,"This sub-category sits within Space & Defense Satellites and captures a focused capability area for startup scouting. Startups here typically ship deployable subsystems, software modules, or platform components rather than full end-to-end solutions. Key differentiators often include robustness in contested environments, low SWaP constraints, and integration-readiness. Commercial spillover into aerospace, robotics, and critical infrastructure is common. This grouping enables more precise search, filtering, and competitive mapping inside the parent category. It is intended to surface concentrated pockets of innovation and funding momentum.",cat8,2
cat8-1-1,High-Resolution Imaging,"This micro-category is a specific startup lane under Earth Observation. Companies usually focus on a narrow technical wedge or product module with clear performance metrics. Typical requirements include high reliability, secure operation, and rapid integration with existing systems. These startups are useful for early signal detection and partnership or acquisition scanning. Dual-use applications can extend into industrial automation, security, or aerospace markets. This label is designed for high-zoom exploration and fine-grained clustering.",cat8-1,3
cat8-1-2,SAR Satellites,"This micro-category is a specific startup lane under Earth Observation. Companies usually focus on a narrow technical wedge or product module with clear performance metrics. Typical requirements include high reliability, secure operation, and rapid integration with existing systems. These startups are useful for early signal detection and partnership or acquisition scanning. Dual-use applications can extend into industrial automation, security, or aerospace markets. This label is designed for high-zoom exploration and fine-grained clustering.",cat8-1,3
cat8-1-3,Multi-Spectral Sensors,"This micro-category is a specific startup lane under Earth Observation. Companies usually focus on a narrow technical wedge or product module with clear performance metrics. Typical requirements include high reliability, secure operation, and rapid integration with existing systems. These startups are useful for early signal detection and partnership or acquisition scanning. Dual-use applications can extend into industrial automation, security, or aerospace markets. This label is designed for high-zoom exploration and fine-grained clustering.",cat8-1,3
cat8-2,Secure Space Communications,"This sub-category sits within Space & Defense Satellites and captures a focused capability area for startup scouting. Startups here typically ship deployable subsystems, software modules, or platform components rather than full end-to-end solutions. Key differentiators often include robustness in contested environments, low SWaP constraints, and integration-readiness. Commercial spillover into aerospace, robotics, and critical infrastructure is common. This grouping enables more precise search, filtering, and competitive mapping inside the parent category. It is intended to surface concentrated pockets of innovation and funding momentum.",cat8,2
cat8-2-1,Encrypted Satellite Links,"This micro-category is a specific startup lane under Secure Space Communications. Companies usually focus on a narrow technical wedge or product module with clear performance metrics. Typical requirements include high reliability, secure operation, and rapid integration with existing systems. These startups are useful for early signal detection and partnership or acquisition scanning. Dual-use applications can extend into industrial automation, security, or aerospace markets. This label is designed for high-zoom exploration and fine-grained clustering.",cat8-2,3
cat8-2-2,Anti-Jamming Space Systems,"This micro-category is a specific startup lane under Secure Space Communications. Companies usually focus on a narrow technical wedge or product module with clear performance metrics. Typical requirements include high reliability, secure operation, and rapid integration with existing systems. These startups are useful for early signal detection and partnership or acquisition scanning. Dual-use applications can extend into industrial automation, security, or aerospace markets. This label is designed for high-zoom exploration and fine-grained clustering.",cat8-2,3
cat8-2-3,Space Resilience Networks,"This micro-category is a specific startup lane under Secure Space Communications. Companies usually focus on a narrow technical wedge or product module with clear performance metrics. Typical requirements include high reliability, secure operation, and rapid integration with existing systems. These startups are useful for early signal detection and partnership or acquisition scanning. Dual-use applications can extend into industrial automation, security, or aerospace markets. This label is designed for high-zoom exploration and fine-grained clustering.",cat8-2,3
cat8-3,Space Domain Awareness,"This sub-category sits within Space & Defense Satellites and captures a focused capability area for startup scouting. Startups here typically ship deployable subsystems, software modules, or platform components rather than full end-to-end solutions. Key differentiators often include robustness in contested environments, low SWaP constraints, and integration-readiness. Commercial spillover into aerospace, robotics, and critical infrastructure is common. This grouping enables more precise search, filtering, and competitive mapping inside the parent category. It is intended to surface concentrated pockets of innovation and funding momentum.",cat8,2
cat8-3-1,Orbital Tracking Systems,"This micro-category is a specific startup lane under Space Domain Awareness. Companies usually focus on a narrow technical wedge or product module with clear performance metrics. Typical requirements include high reliability, secure operation, and rapid integration with existing systems. These startups are useful for early signal detection and partnership or acquisition scanning. Dual-use applications can extend into industrial automation, security, or aerospace markets. This label is designed for high-zoom exploration and fine-grained clustering.",cat8-3,3
cat8-3-2,Space Debris Monitoring,"This micro-category is a specific startup lane under Space Domain Awareness. Companies usually focus on a narrow technical wedge or product module with clear performance metrics. Typical requirements include high reliability, secure operation, and rapid integration with existing systems. These startups are useful for early signal detection and partnership or acquisition scanning. Dual-use applications can extend into industrial automation, security, or aerospace markets. This label is designed for high-zoom exploration and fine-grained clustering.",cat8-3,3
cat8-3-3,Counter-Space Defense,"This micro-category is a specific startup lane under Space Domain Awareness. Companies usually focus on a narrow technical wedge or product module with clear performance metrics. Typical requirements include high reliability, secure operation, and rapid integration with existing systems. These startups are useful for early signal detection and partnership or acquisition scanning. Dual-use applications can extend into industrial automation, security, or aerospace markets. This label is designed for high-zoom exploration and fine-grained clustering.",cat8-3,3
cat9,Battlefield Robotics,"Battlefield robotics startups develop robotic systems for logistics, reconnaissance, and combat support. These platforms can transport equipment, defuse explosives, or conduct scouting missions. AI enhances autonomy and adaptability in harsh terrains. Robotics reduces human risk and increases operational efficiency. Spin-offs include industrial automation and search-and-rescue systems. The field represents a major modernization frontier in defense.",,1
cat9-1,Explosive Ordnance Disposal (EOD),"This sub-category sits within Battlefield Robotics and captures a focused capability area for startup scouting. Startups here typically ship deployable subsystems, software modules, or platform components rather than full end-to-end solutions. Key differentiators often include robustness in contested environments, low SWaP constraints, and integration-readiness. Commercial spillover into aerospace, robotics, and critical infrastructure is common. This grouping enables more precise search, filtering, and competitive mapping inside the parent category. It is intended to surface concentrated pockets of innovation and funding momentum.",cat9,2
cat9-1-1,Bomb Disposal Robots,"This micro-category is a specific startup lane under Explosive Ordnance Disposal (EOD). Companies usually focus on a narrow technical wedge or product module with clear performance metrics. Typical requirements include high reliability, secure operation, and rapid integration with existing systems. These startups are useful for early signal detection and partnership or acquisition scanning. Dual-use applications can extend into industrial automation, security, or aerospace markets. This label is designed for high-zoom exploration and fine-grained clustering.",cat9-1,3
cat9-1-2,Remote Manipulation Systems,"This micro-category is a specific startup lane under Explosive Ordnance Disposal (EOD). Companies usually focus on a narrow technical wedge or product module with clear performance metrics. Typical requirements include high reliability, secure operation, and rapid integration with existing systems. These startups are useful for early signal detection and partnership or acquisition scanning. Dual-use applications can extend into industrial automation, security, or aerospace markets. This label is designed for high-zoom exploration and fine-grained clustering.",cat9-1,3
cat9-1-3,Hazardous Material Robotics,"This micro-category is a specific startup lane under Explosive Ordnance Disposal (EOD). Companies usually focus on a narrow technical wedge or product module with clear performance metrics. Typical requirements include high reliability, secure operation, and rapid integration with existing systems. These startups are useful for early signal detection and partnership or acquisition scanning. Dual-use applications can extend into industrial automation, security, or aerospace markets. This label is designed for high-zoom exploration and fine-grained clustering.",cat9-1,3
cat9-2,Tactical Support Robotics,"This sub-category sits within Battlefield Robotics and captures a focused capability area for startup scouting. Startups here typically ship deployable subsystems, software modules, or platform components rather than full end-to-end solutions. Key differentiators often include robustness in contested environments, low SWaP constraints, and integration-readiness. Commercial spillover into aerospace, robotics, and critical infrastructure is common. This grouping enables more precise search, filtering, and competitive mapping inside the parent category. It is intended to surface concentrated pockets of innovation and funding momentum.",cat9,2
cat9-2-1,Autonomous Resupply Bots,"This micro-category is a specific startup lane under Tactical Support Robotics. Companies usually focus on a narrow technical wedge or product module with clear performance metrics. Typical requirements include high reliability, secure operation, and rapid integration with existing systems. These startups are useful for early signal detection and partnership or acquisition scanning. Dual-use applications can extend into industrial automation, security, or aerospace markets. This label is designed for high-zoom exploration and fine-grained clustering.",cat9-2,3
cat9-2-2,Casualty Evacuation Robots,"This micro-category is a specific startup lane under Tactical Support Robotics. Companies usually focus on a narrow technical wedge or product module with clear performance metrics. Typical requirements include high reliability, secure operation, and rapid integration with existing systems. These startups are useful for early signal detection and partnership or acquisition scanning. Dual-use applications can extend into industrial automation, security, or aerospace markets. This label is designed for high-zoom exploration and fine-grained clustering.",cat9-2,3
cat9-2-3,Perimeter Patrol Robots,"This micro-category is a specific startup lane under Tactical Support Robotics. Companies usually focus on a narrow technical wedge or product module with clear performance metrics. Typical requirements include high reliability, secure operation, and rapid integration with existing systems. These startups are useful for early signal detection and partnership or acquisition scanning. Dual-use applications can extend into industrial automation, security, or aerospace markets. This label is designed for high-zoom exploration and fine-grained clustering.",cat9-2,3
cat9-3,Swarm Robotics,"This sub-category sits within Battlefield Robotics and captures a focused capability area for startup scouting. Startups here typically ship deployable subsystems, software modules, or platform components rather than full end-to-end solutions. Key differentiators often include robustness in contested environments, low SWaP constraints, and integration-readiness. Commercial spillover into aerospace, robotics, and critical infrastructure is common. This grouping enables more precise search, filtering, and competitive mapping inside the parent category. It is intended to surface concentrated pockets of innovation and funding momentum.",cat9,2
cat9-3-1,Coordinated Drone Swarms,"This micro-category is a specific startup lane under Swarm Robotics. Companies usually focus on a narrow technical wedge or product module with clear performance metrics. Typical requirements include high reliability, secure operation, and rapid integration with existing systems. These startups are useful for early signal detection and partnership or acquisition scanning. Dual-use applications can extend into industrial automation, security, or aerospace markets. This label is designed for high-zoom exploration and fine-grained clustering.",cat9-3,3
cat9-3-2,Autonomous Robot Fleets,"This micro-category is a specific startup lane under Swarm Robotics. Companies usually focus on a narrow technical wedge or product module with clear performance metrics. Typical requirements include high reliability, secure operation, and rapid integration with existing systems. These startups are useful for early signal detection and partnership or acquisition scanning. Dual-use applications can extend into industrial automation, security, or aerospace markets. This label is designed for high-zoom exploration and fine-grained clustering.",cat9-3,3
cat9-3-3,AI Swarm Coordination Engines,"This micro-category is a specific startup lane under Swarm Robotics. Companies usually focus on a narrow technical wedge or product module with clear performance metrics. Typical requirements include high reliability, secure operation, and rapid integration with existing systems. These startups are useful for early signal detection and partnership or acquisition scanning. Dual-use applications can extend into industrial automation, security, or aerospace markets. This label is designed for high-zoom exploration and fine-grained clustering.",cat9-3,3